269, 7, '', 'NS4A protein', 1658, 1711, 'EX-HD-F226 ', 'no';
269, 6, '', 'NS3 protease/helicase', 1017, 1657, 'F216(3D)(3D:1CU1) - F219(3D)(3D:1CU1)', 'no';
269, 4, '', 'p7 protein', 747, 809, 'EX-TM-itm-TM-EX ', 'no';
269, 3, '', 'E2 protein', 384, 746, 'S108-TM(3D)-EX', 'no';
269, 2, '', 'E1 protein', 192, 383, 'S103-TM ', 'no';
269, 1, '', 'core protein', 1, 191, 'S102(3D fragment)-S101-TM', 'no';
440, 1, 'NP_828860.1', 'nsp1', 1, 179, 'F253 [1-180]', 'yes';
440, 2, 'NP_828861.1', 'nsp2', 180, 818, 'F254 [181-818]', 'yes';
440, 3, 'NP_828862.1', 'nsp3 (AC+X+PLP2+Y)', 819, 2740, 'F197(ac)-F200(X)-F209-F203(PLP2) -F250-F202(Y)', 'no';
440, 5, 'NP_828863.1', 'nsp5 (3CL PRO : serine protease)', 3241, 3546, 'F195 (3D:1Q2W)', 'no';
440, 6, ' NP_828864.1', 'nsp6 (HD3)', 3547, 3836, 'F184', 'no';
440, 7, 'NP_828865.1', 'nsp7', 3837, 3919, 'F185', 'no';
440, 8, 'NP_828866.1', 'nsp8', 3920, 4117, 'F186', 'no';
440, 9, 'NP_828867.1', 'nsp9 (cofactor polymerase)', 4118, 4230, 'F187 (3D:1QZ8)', 'no';
440, 10, 'NP_828868.1', 'nsp10 (GFL)', 4231, 4369, 'F188', 'no';
440, 11, 'NP_828869.1', 'nsp12  (RdRp)', 4370, 5301, 'F189', 'no';
440, 12, 'NP_828870.1', 'nsp13 (ZD, NTPase/HEL)', 5302, 5902, 'F190', 'no';
440, 13, 'NP_828871.1', 'nsp14 (nuclease ExoN homolog)', 5903, 6429, 'F191', 'no';
440, 14, 'NP_828872.1', 'nsp15 (endoRNAse)', 6430, 6775, 'F192', 'no';
440, 15, 'NP_828873.1', 'nsp16 (2prim-o-MT)', 6776, 7073, 'F193', 'no';
473, 1, 'NP_740634.1', 'p87 leader protein', 1, 673, 'F194', 'no';
473, 2, 'NP_740622.1', 'nsp1 (X,PLP2,Y,HD)', 674, 2779, 'F245(ac)-F246(PLP1)-F200(X)-UNK-F203(PLP2)-F247- F202(Y)-TM-F196', 'no';
473, 3, 'NP_740623.1', 'nsp2 (3CL-Pro)', 2780, 3086, 'F195(3D)', 'no';
473, 4, 'NP_740624.1', 'nsp3 (HD2)', 3087, 3379, 'F184 ', 'no';
473, 5, 'NP_740625.1', 'nsp4', 3380, 3462, 'F185', 'no';
473, 6, 'NP_740626.1', 'nsp5', 3463, 3672, 'F186', 'no';
473, 7, 'NP_740627.1', 'nsp6', 3673, 3783, 'F187 (cofactor polymerase)', 'no';
473, 8, 'NP_740628.1', 'nsp7 (GLF)', 3784, 3928, 'F188 ', 'no';
473, 9, 'NP_740629.1', 'nsp9 (RdRp)', 3929, 4868, 'F189', 'no';
473, 10, 'NP_740630.1', 'nsp10 (MB, NTPase/helicase)', 4869, 5468, 'F190', 'no';
473, 11, 'NP_740631.1', 'nsp11 (nuclease ExoN homolog)', 5469, 5989, 'F191', 'no';
473, 12, 'NP_740632.1', 'nsp12 (endoRNase)', 5990, 6327, 'F192', 'no';
473, 13, 'NP_740633.1', 'nsp13 (MTase)', 6328, 6629, 'F193', 'no';
474, 1, 'NP_740634.1', 'leader protein p87', 1, 673, 'F194', 'no';
474, 2, 'NP_740622.1', 'nsp1 (X,PLP2,Y,HD)', 674, 2779, 'F245(ac)-F246(PLP1)-F200(X)-UNK-F203(PLP2)-F247- F202-TM-F196', 'no';
474, 3, 'NP_740623.1', 'nsp2 (3CL-Pro)', 2780, 3086, 'F195(3D)', 'no';
474, 4, 'NP_740624.1', 'nsp3 (HD2)', 3087, 3379, 'F184', 'no';
474, 5, 'NP_740625.1', 'nsp4', 3380, 3462, 'F185', 'no';
474, 6, 'NP_740626.1', 'nsp5', 3463, 3672, 'F186', 'no';
474, 7, 'NP_740627.1', 'nsp6', 3673, 3783, 'F187 (cofactor polymerase) ', 'no';
474, 8, 'NP_740628.1', 'nsp7 (GLF)', 3784, 3928, 'F188', 'no';
474, 9, 'NP_740621.1', 'nsp8', 3929, 3951, 'A', 'no';
441, 1, 'NP_828860.1', 'nsp1', 1, 179, 'F253 [1-180]', 'yes';
441, 2, 'NP_828861.1', 'nsp2', 180, 818, 'F254 [181-818]', 'yes';
441, 3, 'NP_828862.1', 'nsp3 (AC+X+PLP2+Y)', 819, 2740, 'F197(ac)-F200(X)-F209-F203(PLP2) -F250-F202(Y) ', 'no';
441, 5, 'NP_828863.1', 'nsp5 (3CL PRO : serine protease)', 3241, 3546, 'F195(3D)', 'no';
441, 6, 'NP_828864.1', 'nsp6 (HD3)', 3547, 3836, 'F184', 'no';
441, 7, 'NP_828865.1', 'nsp7', 3837, 3919, 'F185', 'no';
441, 8, 'NP_828866.1', 'nsp8', 3920, 4117, 'F186', 'no';
441, 9, 'NP_828867.1', 'nsp9 (cofactor polymerase)', 4118, 4230, 'F187', 'no';
441, 10, 'NP_828868.1', 'nsp10 (GFL)', 4231, 4369, 'F188', 'no';
441, 11, 'NP_904321.1', 'nsp11-pp1a', 4370, 4382, 'A', 'no';
483, 1, 'NP_740607.1', 'p28 (leader protein)', 1, 247, 'F233', 'no';
483, 2, 'NP_740608.1', 'p65', 248, 832, 'F240', 'no';
483, 3, 'NP_740609.1', 'nsp1 (PL1-PRO, PL2-PRO, HD, HD2)', 833, 3333, 'F197(ac)-F248(PLP1)-F200(X)-F249-F203(PLP2) -F250-F202(Y)-TM-F196', 'no';
483, 4, 'NP_740610.1', 'nsp2 (3CL-PRO)', 3334, 3636, 'F195(3D)', 'no';
483, 5, 'NP_740611.1', 'nsp3 (HD3)', 3637, 3923, 'F184', 'no';
483, 6, 'NP_740612.1', 'nsp4', 3924, 4015, 'F185', 'no';
483, 7, 'NP_740613.1', 'nsp5', 4016, 4209, 'F186', 'no';
483, 8, 'NP_740614.1', 'nsp6', 4210, 4319, 'F187 (cofactor polymerase)', 'no';
483, 9, 'NP_740615.1', 'nsp7 (GFL)', 4320, 4456, 'F188', 'no';
483, 10, 'NP_740616.1', 'nsp9 (RdRp)', 4457, 5384, 'F189', 'no';
483, 11, 'NP_740617.1', 'nsp10 (MB, NTPase/HEL)', 5385, 5984, 'F190', 'no';
483, 12, 'NP_740618.1', 'nsp11(nuclease ExoN homolog)', 5985, 6505, 'F191', 'no';
483, 13, 'NP_740619.1', 'nsp12 (endoRNase)', 6506, 6879, 'F192', 'no';
483, 14, 'NP_740620.1', 'nsp13 (MTase)', 6880, 7178, 'F193', 'no';
484, 1, 'NP_740607.1', 'p28 (leader protein)', 1, 247, 'F233', 'no';
484, 2, 'NP_740608.1', 'p65', 248, 832, 'F240', 'no';
484, 3, 'NP_740609.1', 'nsp1 (PL1-PRO, PL2-PRO, HD, HD2)', 833, 3333, 'F197(ac)-F248(PLP1)-F200(X)-F249-F203(PLP2) -F250-F202(Y)-TM-F196', 'no';
484, 4, 'NP_740610.1', 'nsp2 (3CL-PRO)', 3334, 3636, 'F195(3D)', 'no';
484, 5, 'NP_740611.1', 'nsp3 (HD3)', 3637, 3923, 'F184 ', 'no';
484, 6, 'NP_740612.1', 'nsp4', 3924, 4015, 'F185', 'no';
484, 7, 'NP_740613.1', 'nsp5', 4016, 4209, 'F186', 'no';
484, 8, 'NP_740614.1', 'nsp6', 4210, 4319, 'F187 (cofactor polymerase)', 'no';
484, 9, 'NP_740615.1', 'nsp7 (GFL)', 4320, 4456, 'F188', 'no';
484, 10, 'NP_740606.1', 'nsp8', 4457, 4470, 'A', 'no';
494, 1, 'NP_742129.1', 'Leader protein', 1, 246, 'F233', 'no';
494, 2, 'NP_742130.1', 'MHV p65-like protein', 247, 851, 'F240', 'no';
494, 3, 'NP_742169.1', 'nsp1 (PL1-PRO, PL2-PRO, HD)', 852, 2750, 'F197(ac)-F248(PLP1)-F200(X)-F249-F203(PLP2) -F250-F202(Y) ', 'no';
494, 4, 'NP_742170.1', 'HD2', 2751, 3246, 'TM-F196 ', 'no';
494, 5, 'NP_742132.1', 'nsp2 (3CL-PRO)', 3247, 3549, 'F195(3D)', 'no';
494, 6, 'NP_742133.1', 'nsp3 (HD3)', 3550, 3836, 'F184', 'no';
494, 7, 'NP_742134.1', 'nsp4', 3837, 3925, 'F185', 'no';
494, 8, 'NP_742135.1', 'nsp5', 3926, 4122, 'F186 ', 'no';
494, 9, 'NP_742136.1', 'nsp6', 4123, 4232, 'F187 (cofactor-polymerase)', 'no';
494, 10, 'NP_742137.1', 'nsp7 (GFL)', 4233, 4369, 'F188', 'no';
494, 11, 'NP_742138.1', 'nsp9 (RdRp)', 4370, 5297, 'F189', 'no';
494, 12, 'NP_742139.1', 'nsp10 (MB, NTPase/HEL)', 5298, 5900, 'F190', 'no';
494, 13, 'NP_742140.1', 'nsp11 (nuclease ExoN homolog)', 5901, 6421, 'F191', 'no';
494, 14, 'NP_742141.1', 'nsp12 (endoRNase)', 6422, 6795, 'F192 ', 'no';
494, 15, 'NP_742142.1', 'nsp13 (MTase)', 6796, 7094, 'F193', 'no';
495, 1, 'NP_742129.1', 'Leader protein', 1, 246, 'F233', 'no';
495, 2, 'NP_742130.1', 'MHV p65-like protein', 247, 851, 'F240', 'no';
495, 3, 'NP_742169.1', 'nsp1 (PL1-PRO, PL2-PRO, HD)', 852, 2750, 'F197(ac)-F248(PLP1)-F200(X)-F249-F203(PLP2) -F250-F202(Y)', 'no';
495, 4, 'NP_742170.1', 'HD2', 2751, 3246, 'TM-F196', 'no';
495, 5, 'NP_742132.1', 'nsp2 (3CL-PRO)', 3247, 3549, 'F195(3D)', 'no';
495, 6, 'NP_742133.1', 'nsp3 (HD3)', 3550, 3836, 'F184', 'no';
495, 7, 'NP_742134.1', 'nsp4', 3837, 3925, 'F185', 'no';
495, 8, 'NP_742135.1', 'nsp5', 3926, 4122, 'F186', 'no';
495, 9, 'NP_742136.1', 'nsp6', 4123, 4232, 'F187 (cofactor-polymerase)', 'no';
495, 10, 'NP_742137.1', 'nsp7 (GFL)', 4233, 4369, 'F188', 'no';
495, 11, '', 'unk', 4370, 4383, 'A', 'no';
506, 1, 'NP_751919.1', 'core protein', 1, 191, 'S102(3D:1CWX fragment)-S101-TM', 'no';
506, 2, 'NP_751920.1', 'E1 protein', 192, 383, 'S103-TM', 'no';
506, 3, 'NP_751921.1', 'E2 protein', 384, 746, 'S108-TM(3D:1EMZ)-EX', 'no';
506, 4, 'NP_751922.1', 'p7 protein', 747, 809, 'EX-TM-itm-TM-EX', 'no';
506, 5, 'NP_751923.1', 'NS2 protein', 810, 1016, 'EX-TM-F225 [810-1026]', 'yes';
506, 6, 'NP_803144.1', 'NS3 protease/helicase', 1017, 1657, 'F216 (3D: 1A1R) - F219 (3D: 1HEI) [1027-1657]', 'yes';
506, 7, 'NP_751925.1', 'NS4A protein', 1658, 1711, 'EX-HD-F226', 'no';
506, 8, 'NP_751926.1', 'NS4B protein', 1712, 1972, 'F231-HD-ihd-HD-ihd-HD-ihd-HD-ihd-HD-F227', 'no';
506, 9, 'NP_751927.1', 'NS5A protein', 1973, 2420, 'TM(3D:1R7C)-F229', 'no';
506, 10, 'NP_751928.1', 'NS5B RNA-dependent RNA polymerase', 2421, 3011, 'F230 (3D)-TM', 'no';
508, 1, 'NP_722515', 'anchored core C', 1, 125, 'S98-PS', 'no';
508, 3, 'NP_733817', 'prM', 126, 292, 'S46-S133-TM', 'no';
508, 4, 'NP_722530', 'membrane M', 218, 292, 'S133-TM', 'no';
508, 2, 'NP_722514', 'core C', 1, 105, 'S98', 'no';
508, 5, 'NP_722531', 'envelope E', 293, 793, 'S47(3D)-LNK-TM', 'no';
508, 6, 'NP_722532', 'NS1', 794, 1145, 'F71', 'no';
508, 7, 'NP_722533', 'NS2A', 1146, 1372, 'F72', 'no';
508, 8, 'NP_722534', 'NS2B', 1373, 1503, 'F73', 'no';
508, 9, 'NP_722535', 'NS3 (protease/helicase)', 1504, 2122, 'F74(3D)-F79', 'no';
508, 10, 'NP_722536', 'NS4A', 2123, 2248, 'F75-HD', 'no';
508, 11, 'NP_722537', '2K protein', 2249, 2271, 'F75', 'no';
508, 12, 'NP_722538', 'NS4B', 2272, 2529, 'F76', 'no';
508, 13, 'NP_722539', 'NS5 (MTase/RdRp)', 2530, 3434, 'F77(3D)-F78', 'no';
509, 1, 'NP_775663', 'anchored core C', 1, 127, 'S98-PS', 'no';
509, 2, 'NP_775662', 'core C', 1, 105, 'S98', 'no';
509, 3, 'NP_775664', 'PreM', 128, 294, 'S46-S133-TM', 'no';
509, 4, 'NP_775665', 'matrix M', 220, 294, 'S133-TM', 'no';
509, 5, 'NP_775666', 'envelope', 295, 794, 'S47(3D:1PJW)-LNK-TM', 'no';
509, 6, 'NP_775667', 'NS1', 795, 1146, 'F71', 'no';
509, 7, 'NP_775668', 'NS2a', 1147, 1373, 'F72', 'no';
509, 8, 'NP_775669', 'NS2b', 1374, 1504, 'F73', 'no';
509, 9, 'NP_775670', 'NS3 (protease/helicase)', 1505, 2123, 'F74(3D)-F79', 'no';
509, 10, 'NP_775671', 'NS4a', 2124, 2249, 'F75-HD', 'no';
509, 11, 'NP_775672', '2K protein', 2250, 2272, 'F255', 'no';
509, 12, 'NP_775673', 'NS4b', 2273, 2527, 'F76', 'no';
509, 13, 'NP_775674', 'NS5 (MTase/RdRp)', 2528, 3432, 'F77(3D)-F78', 'no';
268, 1, 'NP_739581', 'anchored capsid C', 1, 114, 'S98-PS', 'no';
268, 2, 'NP_739591', 'capsid C', 1, 100, 'S98', 'no';
268, 3, 'NP_739582', 'prM', 115, 280, 'S46-S133-TM', 'no';
268, 4, 'NP_739592', 'membrane glycoprotein M', 206, 280, 'S133-TM', 'no';
268, 5, 'NP_739583', 'E protein', 281, 775, 'S47 (3D: 1OAM)-LNK-TM', 'no';
268, 6, 'NP_739584', 'NS1', 776, 1127, 'F71', 'no';
268, 7, 'NP_739585', 'NS2a', 1128, 1345, 'F72', 'no';
268, 8, 'NP_739586', 'NS2b', 1346, 1475, 'F73', 'no';
268, 9, 'NP_739587', 'NS3 (protease/helicase)', 1476, 2090, 'F74 (3D: 1DF9)-F79', 'no';
268, 10, 'NP_739588', 'NS4a', 2091, 2217, 'F75-HD', 'no';
268, 11, 'NP_739593', '2K protein', 2218, 2240, 'F255', 'no';
268, 12, 'NP_739589', 'NS4b', 2241, 2488, 'F76', 'no';
268, 13, 'NP_739590', 'NS5 (MTase/RdRp)', 2489, 3388, 'F77 (3D: 1L9K)-F78', 'no';
345, 1, 'NP_776011', 'anchored core protein C', 1, 123, 'S98-PS', 'no';
345, 2, 'NP_776010', 'core protein C', 1, 105, 'S98', 'no';
345, 3, 'NP_776012', 'PreM protein', 124, 290, 'S46-S133-TM', 'no';
345, 4, 'NP_776013', 'matrix protein M', 216, 290, 'S133-TM', 'no';
345, 5, 'NP_776014', 'envelope protein', 291, 787, 'S47(3D)-LNK-TM', 'no';
345, 6, 'NP_776015', 'NS1', 788, 1139, 'F71', 'no';
345, 7, 'NP_776016', 'NS2a', 1140, 1370, 'F72', 'no';
345, 8, 'NP_776017', 'NS2b', 1371, 1501, 'F73', 'no';
345, 9, 'NP_776018', 'NS3 (protease/helicase)', 1502, 2120, 'F74(3D)-F79', 'no';
345, 10, 'NP_776019', 'NS4a', 2121, 2246, 'F75-HD', 'no';
345, 11, 'NP_776020', '2K protein', 2247, 2269, 'F255', 'no';
345, 12, 'NP_776021', 'NS4b', 2270, 2525, 'F76', 'no';
345, 13, 'NP_776022', 'NS5 (MTase/RdRp)', 2526, 3430, 'F77(3D)-F78', 'no';
512, 1, 'NP_775999', 'anchored core C', 1, 121, 'S96-PS', 'no';
512, 2, 'NP_775998', 'core C', 1, 101, 'S96', 'no';
512, 3, 'NP_776000', 'PreM', 122, 285, 'S46-S133-TM', 'no';
512, 4, 'NP_776001', 'matrix M', 211, 285, 'S133-TM', 'no';
512, 5, 'NP_740305', 'envelope', 286, 778, 'S47(3D)-LNK-TM', 'no';
512, 6, 'NP_776002', 'NS1', 779, 1130, 'F71', 'no';
512, 7, 'NP_776003', 'NS2a', 1131, 1354, 'F72', 'no';
512, 8, 'NP_776004', 'NS2b', 1355, 1484, 'F73', 'no';
512, 9, 'NP_776005', 'NS3 (protease/helicase)', 1485, 2107, 'F74(3D)-F79', 'no';
512, 10, 'NP_776006', 'NS4a', 2108, 2233, 'F75-HD', 'no';
512, 11, 'NP_776007', '2K protein', 2234, 2256, 'F255', 'no';
512, 12, 'NP_776008', 'NS4b', 2257, 2506, 'F76', 'no';
512, 13, 'NP_776009', 'NS5 (MTase/RdRp)', 2507, 3411, 'F77(3D)-F78', 'no';
529, 1, 'NP_775467', 'anchored core protein C', 1, 112, 'S96-PS [1-113]', 'yes';
529, 2, 'NP_775466', 'core protein C', 1, 97, 'S96', 'no';
529, 3, 'NP_775468', 'PreM protein', 113, 281, 'S46-S133-TM [114-281]', 'yes';
529, 4, 'NP_775469', 'matrix protein M', 207, 281, 'S133-TM', 'no';
529, 5, 'NP_775470', 'envelope protein', 282, 777, 'S47(3D)-LNK-TM', 'no';
529, 6, 'NP_775471', 'NS1', 778, 1130, 'F71', 'no';
529, 7, 'NP_775472', 'NS2a', 1131, 1360, 'F72', 'no';
529, 8, 'NP_775473', 'NS2b', 1361, 1491, 'F217', 'no';
529, 9, 'NP_775474', 'NS3 (protease/helicase)', 1492, 2112, 'F74(3D)-F79', 'no';
529, 10, 'NP_775475', 'NS4a', 2113, 2238, 'F75-HD', 'no';
529, 11, 'NP_775476', '2K protein', 2239, 2261, 'F255', 'no';
529, 12, 'NP_775477', 'NS4b', 2262, 2513, 'F76  ', 'no';
529, 13, 'NP_775478', 'NS5 (MTase/RdRp)', 2514, 3416, 'F77(3D)-F78', 'no';
518, 1, 'NP_775513', 'anchored core C', 1, 110, 'S96-PS', 'no';
518, 2, 'NP_775512', 'core C', 1, 94, 'S96', 'no';
518, 3, 'NP_775514', 'PreM', 111, 278, 'S46-S133-TM', 'no';
518, 4, 'NP_775515', 'matrix M', 204, 278, 'S133-TM', 'no';
518, 5, 'NP_775516', 'envelope', 279, 775, 'S47(3D)-LNK-TM', 'no';
518, 6, 'NP_775517', 'NS1', 776, 1128, 'F71', 'no';
518, 7, 'NP_775518', 'NS2a', 1129, 1358, 'F72', 'no';
518, 8, 'NP_775519', 'NS2b', 1359, 1489, 'F217', 'no';
518, 9, 'NP_775520', 'NS3 (protease/helicase)', 1490, 2111, 'F74(3D)-F79 ', 'no';
518, 10, 'NP_775521', 'NS4a', 2112, 2237, 'F75-HD', 'no';
518, 11, 'NP_775522', '2K protein', 2238, 2260, 'F255', 'no';
518, 12, 'NP_775523', 'NS4b', 2261, 2512, 'F76', 'no';
518, 13, 'NP_775524', 'NS5 (MTase/RdRp)', 2513, 3415, 'F77(3D)-F78', 'no';
524, 1, 'NP_776024', 'anchored core C', 1, 115, 'S94-PS', 'no';
524, 2, 'NP_776023', 'core C', 1, 95, 'S94', 'no';
524, 3, 'NP_776025', 'preM', 116, 284, 'S95-S134-TM', 'no';
524, 4, 'NP_776026', 'matrix M', 219, 284, 'S134-TM', 'no';
524, 5, 'NP_776027', 'envelope', 285, 786, 'S47(3D)-LNK-TM', 'no';
524, 6, 'NP_776028', 'NS1 protein', 787, 1130, 'F211', 'no';
524, 7, 'NP_776029', 'NS2A protein', 1131, 1326, 'F212', 'no';
524, 8, 'NP_776030', 'NS2B protein', 1327, 1477, 'F213', 'no';
524, 9, 'NP_776031', 'NS3 (protease/helicase)', 1478, 2101, 'F74(3D)-F79 (NB:voir en pos 2089/2090)', 'no';
524, 10, 'NP_776032', 'NS4A', 2102, 2229, 'F210-HD', 'no';
524, 11, 'NP_776033', 'putative 2K protein', 2230, 2254, 'F258', 'no';
524, 12, 'NP_776034', 'NS4B protein', 2255, 2519, 'F214', 'no';
524, 13, 'NP_776035', 'NS5 protein (MTase/RdRp)', 2520, 3350, 'F77(3D)-F78', 'no';
516, 1, 'NP_775500', 'anchored core C', 1, 116, 'S96-PS [1-112]', 'yes';
516, 2, 'NP_775499', 'core C', 1, 96, 'S96', 'no';
516, 3, 'NP_775501', 'PreM', 117, 280, 'S46-S133-TM [113-280]', 'yes';
516, 4, 'NP_775502', 'matrix M', 206, 280, 'S133-TM', 'no';
516, 5, 'NP_775503', 'envelope', 281, 776, 'S47(3D:1K4R)-LNK-TM', 'no';
516, 6, 'NP_775504', 'NS1', 777, 1128, 'F71', 'no';
516, 7, 'NP_775505', 'NS2a', 1129, 1358, 'F72', 'no';
516, 8, 'NP_775506', 'NS2b', 1359, 1489, 'F217', 'no';
516, 9, 'NP_775507', 'NS3 (protease/helicase)', 1490, 2110, 'F74(3D)-F79', 'no';
516, 10, 'NP_77550', 'NS4a', 2111, 2236, 'F75-HD', 'no';
516, 11, 'NP_775509', '2K protein', 2237, 2259, 'F255', 'no';
516, 12, 'NP_775510', 'NS4b', 2260, 2511, 'F76', 'no';
516, 13, 'NP_775511', 'NS5 (MTase/RdRp)', 2512, 3414, 'F77(3D)-F78', 'no';
521, 1, 'NP_740293', 'capsid protein preC', 1, 96, 'S96', 'no';
521, 3, 'NP_740294', 'preM protein', 117, 280, 'S46-S133-TM', 'no';
521, 4, 'NP_740295', 'E protein', 281, 776, 'S47(3D)-LNK-TM [281-779]', 'yes';
521, 5, 'NP_740296', 'NS1', 777, 1128, 'F71 [780-1128]', 'yes';
521, 6, 'NP_740297', 'NS2a', 1129, 1358, 'F72', 'no';
521, 7, 'NP_740298', 'NS2b', 1359, 1489, 'F217', 'no';
521, 8, 'NP_740299', 'NS3 (protease/helicase)', 1490, 2110, 'F74(3D)-F79 ', 'no';
521, 9, 'NP_740300', 'NS4a', 2111, 2259, 'F75-HD-F255', 'no';
521, 10, 'NP_740301', 'NS4b', 2260, 2511, 'F76', 'no';
521, 11, 'NP_740302', 'NS5 (MTase/RdRp)', 2512, 3414, 'F77(3D)-F78 ', 'no';
522, 1, 'NP_740722', 'putative enchored capsid', 1, 112, 'S96-PS', 'no';
522, 2, 'NP_740269', 'capsid (core)', 1, 96, 'S96 ', 'no';
522, 3, 'NP_740274', 'premembrane protein', 113, 280, 'S46-S133-TM', 'no';
522, 4, 'NP_740270', 'membrane protein', 206, 280, 'S133-TM', 'no';
522, 5, 'NP_740271', 'envelope protein', 281, 776, 'S47(3D)-LNK-TM', 'no';
522, 6, 'NP_740723', 'NS1', 777, 1128, 'F71', 'no';
522, 7, 'NP_740724', 'NS2a', 1129, 1358, 'F72', 'no';
522, 8, 'NP_740725', 'NS2b', 1359, 1489, 'F217', 'no';
522, 9, 'NP_740726', 'NS3 (protease/helicase)', 1490, 2110, 'F74(3D)-F79 ', 'no';
522, 10, 'NP_740727', 'NS4a', 2111, 2236, 'F75-HD', 'no';
522, 11, 'NP_740730', 'putative 2K protein', 2237, 2259, 'F255', 'no';
522, 12, 'NP_740728', 'NS4b', 2260, 2511, 'F76', 'no';
522, 13, 'NP_740729', 'NS5 (MTase/RdRp)', 2512, 3414, 'F77(3D)-F78', 'no';
523, 1, 'NP_775630', 'anchored core C', 1, 110, 'S96-PS', 'no';
523, 2, 'NP_775629', 'core C', 1, 94, 'S96', 'no';
523, 3, 'NP_775631', 'PreM', 111, 278, 'S46-S133-TM', 'no';
523, 4, 'NP_775632', 'matrix M', 204, 278, 'S133-TM', 'no';
523, 5, 'NP_775633', 'envelope', 279, 775, 'S47(3D)-LNK-TM', 'no';
523, 6, 'NP_775634', 'NS1', 776, 1128, 'F71', 'no';
523, 7, 'NP_775635', 'NS2a', 1129, 1358, 'F72', 'no';
523, 8, 'NP_775636', 'NS2b', 1359, 1489, 'F217', 'no';
523, 9, 'NP_775637', 'NS3 (protease/helicase)', 1490, 2111, 'F74(3D)-F79', 'no';
523, 10, 'NP_775638', 'NS4a', 2112, 2237, 'F75-HD', 'no';
523, 11, 'NP_775639', '2K protein', 2238, 2260, 'F255', 'no';
523, 12, 'NP_775640', 'NS4b', 2261, 2512, 'F76', 'no';
523, 13, 'NP_775641', 'NS5 (MTase/RdRp)', 2513, 3415, 'F77(3D)-F78', 'no';
528, 1, 'NP_776069', 'anchored core C', 1, 102, 'S97-PS', 'no';
528, 2, 'NP_776068', 'core C', 1, 88, 'S97', 'no';
528, 3, 'NP_776070', 'PreM', 103, 267, 'S46-S133-TM', 'yes';
528, 4, 'NP_776071', 'matrix M', 193, 267, 'S133-TM', 'no';
528, 5, 'NP_776072', 'envelope', 268, 751, 'S47(3D)-LNK-TM', 'no';
528, 6, 'NP_776073', 'NS1', 752, 1109, 'F71 [752-1104]', 'yes';
528, 7, 'NP_776074', 'NS2a', 1110, 1333, 'F72 [1105-1333]', 'yes';
528, 8, 'NP_776075', 'NS2b', 1334, 1463, 'F217', 'no';
528, 9, 'NP_776076', 'NS3 (protease/helicase)', 1464, 2080, 'F74(3D)-F79', 'no';
528, 10, 'NP_776077', 'NS4a', 2081, 2201, 'F75-HD', 'no';
528, 11, 'NP_776078', '2K protein', 2202, 2224, 'F255', 'no';
528, 12, 'NP_776079', 'NS4b', 2225, 2482, 'F76', 'no';
528, 13, 'NP_776080', 'NS5 (MTase/RdRp)', 2483, 3379, 'F77(3D)-F78', 'no';
526, 1, 'NP_775675', 'anchored capsid', 1, 110, 'S97-PS', 'no';
526, 2, 'NP_740268', 'capsid', 1, 91, 'S97', 'no';
526, 3, 'NP_740258', 'PreM', 111, 197, 'S46', 'no';
526, 4, 'NP_740259', 'matrix', 198, 272, 'S133-TM', 'no';
526, 5, 'NP_740260', 'envelope', 273, 754, 'S47(3D)-LNK-TM', 'no';
526, 6, 'NP_740261', 'NS1', 755, 1112, 'F71 [755-1107]', 'yes';
526, 7, 'NP_740262', 'NS2a', 1113, 1328, 'F72 [1108-1328]', 'yes';
526, 8, 'NP_740263', 'NS2b', 1329, 1460, 'F217', 'no';
526, 9, 'NP_740264', 'NS3 (protease/helicase)', 1461, 2078, 'F74(3D)-F78', 'no';
526, 10, 'NP_740265', 'NS4a', 2079, 2222, 'F75-HD', 'no';
526, 11, 'NP_775654', '2K protein', 2200, 2222, 'F255', 'no';
526, 12, 'NP_740266', 'NS4b', 2223, 2476, 'F76', 'no';
526, 13, 'NP_740267', 'NS5 (MTase/RdRp)', 2477, 3374, 'F77(3D)-F78 ', 'no';
530, 1, 'NP_775677', 'anchored core protein C', 1, 110, 'S97-PS', 'no';
530, 2, 'NP_775676', 'core protein C', 1, 93, 'S97', 'no';
530, 3, 'NP_775678', 'PreM protein', 111, 271, 'S46-S133-TM', 'no';
530, 4, 'NP_775679', 'matrix protein M', 197, 271, 'S133-TM', 'no';
530, 5, 'NP_775680', 'envelope protein', 272, 756, 'S47(3D)-LNK-TM', 'no';
530, 6, 'NP_775681', 'NS1', 757, 1114, 'F71 [757-1109]', 'yes';
530, 7, 'NP_775682', 'NS2a', 1115, 1334, 'F72 [1110-1334]', 'yes';
530, 8, 'NP_775683', 'NS2b', 1335, 1465, 'F217 [1335-1464]', 'yes';
530, 9, 'NP_775684', 'NS3 (protease/helicase)', 1466, 2080, 'F74(3D)-F79 [1465-2080]', 'yes';
530, 10, 'NP_775685', 'NS4a', 2081, 2199, 'F75-HD', 'no';
530, 11, 'NP_775686', '2K protein', 2200, 2222, 'F255', 'no';
530, 12, 'NP_775687', 'NS4b', 2223, 2474, 'F76', 'no';
530, 13, 'NP_775688', 'NS5 (MTase/RdRp)', 2475, 3371, 'F77(3D)-F78', 'no';
527, 1, 'NP_775643', 'anchored core C', 1, 103, 'S97-PS', 'no';
527, 2, 'NP_775642', 'core C', 1, 90, 'S97', 'no';
527, 3, 'NP_775644', 'PreM', 104, 269, 'S46-S133-TM', 'no';
527, 4, 'NP_775645', 'matrix M', 195, 269, 'S133-TM', 'no';
527, 5, 'NP_740277', 'envelope protein', 270, 753, 'S47(3D)-LNK-TM', 'no';
527, 6, 'NP_775646', 'NS1', 754, 1112, 'F71 [754-1107]', 'yes';
527, 7, 'NP_775647', 'NS2a', 1113, 1333, 'F72 [1108-1333]', 'yes';
527, 8, 'NP_775648', 'NS2b', 1334, 1463, 'F217', 'no';
527, 9, 'NP_775649', 'NS3 (protease/helicase)', 1464, 2079, 'F74(3D)-F79', 'no';
527, 10, 'NP_775650', 'NS4a', 2080, 2200, 'F75-HD', 'no';
527, 11, 'NP_775651', '2K protein', 2201, 2223, 'F255', 'no';
527, 12, 'NP_775652', 'NS4b', 2224, 2477, 'F76', 'no';
527, 13, 'NP_775653', 'NS5 (MTase/RdRp)', 2478, 3374, 'F77(3D)-F78', 'no';
511, 1, 'NP_776037', 'anchored core C', 1, 128, 'S45-PS', 'no';
511, 2, 'NP_776036', 'core C', 1, 107, 'S45-LNK', 'no';
511, 3, 'NP_776038', 'PreM', 129, 275, 'S46-S136-TM', 'no';
511, 4, 'NP_776039', 'matrix M', 220, 275, 'S136-TM', 'no';
511, 5, 'NP_776040', 'envelope', 276, 705, 'S100-TM', 'no';
511, 6, 'NP_776041', 'NS1', 706, 1063, 'F71', 'no';
511, 7, 'NP_776042', 'NS2a', 1064, 1302, 'F215', 'no';
511, 8, 'NP_776043', 'NS2b', 1303, 1451, 'F218', 'no';
511, 9, 'NP_776044', 'NS3 (protease/helicase)', 1452, 2038, 'F74(3D)-F79 NB:voir 2058/2059', 'no';
511, 10, 'NP_776045', 'NS4a', 2039, 2173, 'F256-HD', 'no';
511, 11, 'NP_776046', 'putative 2K protein', 2174, 2196, 'F257', 'no';
511, 12, 'NP_776047', 'NS4b', 2197, 2453, 'UNK', 'no';
511, 13, 'NP_776048', 'NS5 (MTase/RdRp)', 2454, 3341, 'F77(3D)-F78', 'no';
514, 1, 'NP_777481', 'proteinase (N-Pro)', 1, 168, 'F235', 'no';
514, 2, 'NP_777482', 'C protein', 169, 270, 'DISS4-TM Warning 43-59 potential induce fold', 'no';
514, 3, 'NP_777483', 'E-rns', 271, 497, 'S99', 'no';
514, 4, 'NP_777484', 'E1', 498, 692, 'PS-S23-TM', 'no';
514, 5, 'NP_777486', 'E2-p7', 693, 1134, 'S16-TM-TM', 'no';
514, 6, 'NP_777485', 'E2', 693, 1064, 'S16-TM', 'no';
514, 7, 'NP_777487', 'p7', 1065, 1134, 'TM', 'no';
514, 8, 'NP_777488', 'NS2-3', 1135, 2270, 'F276-F74', 'no';
514, 9, 'NP_777489', 'NS3 (protease/helicase)', 1588, 2270, 'F4-F219', 'no';
514, 10, 'NP_777490', 'NS4A', 2271, 2334, 'F273', 'no';
514, 11, 'NP_777491', 'NS4B', 2335, 2681, 'F274', 'no';
514, 12, 'NP_777492', 'NS5A', 2682, 3178, 'F275', 'no';
514, 13, 'NP_777493', 'NS5B', 3179, 3897, 'F166-F168(3D:1S48)-TM', 'no';
513, 1, 'NP_757352', 'core protein', 1, 156, 'S101-TM', 'no';
513, 2, 'NP_757353', 'E1', 157, 346, 'S103-TM-itm-TM', 'no';
513, 3, 'NP_757354', 'E2', 347, 668, 'UNK', 'no';
513, 4, 'NP_757355', 'p7', 669, 732, 'UNK', 'no';
513, 5, 'NP_757356', 'NS2', 733, 930, 'UNK [733-940]', 'yes';
513, 6, 'NP_757357', 'NS3 (proteinase/ATPase/helicase)', 931, 1560, 'F216(3D)-F219(3D) [941-1560]', 'yes';
513, 7, 'NP_757358', 'NS4A', 1561, 1615, 'F243', 'no';
513, 8, 'NP_757359', 'NS4B', 1616, 1863, 'F228', 'no';
513, 9, 'NP_757360', 'NS5A', 1864, 2274, 'F229', 'no';
513, 10, 'NP_757361', 'NS5B (RdRp)', 2275, 2864, 'F230(3D)-TM', 'no';
517, 1, 'NP_803194', 'E1', 1, 329, 'UNK', 'no';
517, 2, 'NP_803195', 'E2', 330, 641, 'UNK', 'no';
517, 3, 'NP_803196', 'p7-NS2', 642, 894, 'UNK', 'no';
517, 4, 'NP_803197', 'NS3 (proteinase/ATPase/helicase)', 895, 1520, 'F216(3D)-F219(3D)', 'no';
517, 5, 'NP_803198', 'NS4A', 1521, 1586, 'F242', 'no';
517, 6, 'NP_803199', 'NS4B', 1587, 1867, 'F228', 'no';
517, 7, 'NP_803200', 'NS5A', 1868, 2279, 'F229', 'no';
517, 8, 'NP_803201', 'NS5B (RdRp)', 2280, 2843, 'F230(3D)-TM', 'no';
515, 1, 'NP_777533', 'N-pro', 1, 168, 'F235', 'no';
515, 2, 'NP_777534', 'C protein', 169, 268, 'DISS4-TM', 'no';
515, 3, 'NP_777535', 'E-rns', 269, 495, 'S99', 'no';
515, 4, 'NP_777536', 'E1', 496, 690, 'PS-S23-TM', 'no';
515, 5, 'NP_777538', 'E2-p7', 691, 1133, 'S16-TM-TM', 'no';
515, 6, 'NP_777537', 'E2', 691, 1063, 'S16-TM', 'no';
515, 7, 'NP_777539', 'p7', 1064, 1133, 'TM', 'no';
515, 8, 'NP_777540', 'NS2-3', 1164, 2269, 'F276-F4-F219', 'no';
515, 9, 'NP_777541', 'NS3 (protease/helicase)', 1587, 2269, 'F4-F219', 'no';
515, 10, 'NP_777542', 'NS4A', 2270, 2333, 'F273', 'no';
515, 11, 'NP_777543', 'NS4B', 2334, 2680, 'F274', 'no';
515, 12, 'NP_777544', 'NS5A', 2681, 3177, 'F275', 'no';
515, 13, 'NP_777545', 'NS5B', 3178, 3895, 'F166-F168(3D)-TM', 'no';
510, 1, 'NP_776259', 'N-Pro', 1, 168, 'F235', 'no';
510, 2, 'NP_776260', 'C protein', 169, 270, 'DISS4-TM', 'no';
510, 3, 'NP_776261', 'E-rns', 271, 497, 'S99', 'no';
510, 4, 'NP_776262', 'E1', 498, 692, 'PS-S23-TM', 'no';
510, 5, 'NP_776264', 'E2-p7', 693, 1136, 'S16-TM-TM', 'no';
510, 6, 'NP_776263', 'E2', 693, 1066, 'S16-TM', 'no';
510, 7, 'NP_776265', 'p7', 1067, 1136, 'TM', 'no';
510, 8, 'NP_776266', 'NS2-3', 1137, 2362, 'F276-F4-F219 ', 'no';
510, 9, 'NP_776267', 'NS3 (protease/Helicase)', 1680, 2362, 'F4-F219', 'no';
510, 10, 'NP_776268', 'NS4A', 2363, 2426, 'F273', 'no';
510, 11, 'NP_776269', 'NS4B', 2427, 2773, 'F274', 'no';
510, 12, 'NP_776270', 'NS5A', 2774, 3269, 'F275', 'no';
510, 13, 'NP_776271', 'NS5B', 3270, 3988, 'F166-F168(3D)-TM', 'no';
519, 1, 'NP_803202', 'E1', 1, 360, 'UNK', 'no';
519, 2, 'NP_803203', 'E2', 361, 672, 'UNK', 'no';
519, 3, 'NP_803204', 'p7-NS2', 673, 914, 'UNK [673-925]', 'yes';
519, 4, 'NP_803205', 'NS3 (proteinase/ATPase/helicase)', 915, 1551, 'F216(3D)-F219(3D) [926-1551]', 'yes';
519, 5, 'NP_803206', 'NS4A', 1552, 1617, 'F242', 'no';
519, 6, 'NP_803207', 'NS4B', 1618, 1898, 'F228', 'no';
519, 7, 'NP_803208', 'NS5A', 1899, 2310, 'F229', 'no';
519, 8, 'NP_803209', 'NS5B (RdRp)', 2311, 2873, 'F230(3D)-TM', 'no';
520, 1, 'NP_777494', 'N-Pro', 1, 168, 'F235', 'no';
520, 2, 'NP_777495', 'C protein', 169, 267, 'DISS4-TM Warning possible induced fold 40-50', 'no';
520, 3, 'NP_777496', 'E-rns', 268, 494, 'S99', 'no';
520, 4, 'NP_777497', 'E1', 495, 689, 'PS-S23-TM', 'no';
520, 5, 'NP_777499', 'E2-p7', 690, 1132, 'S16-TM-TM', 'no';
520, 6, 'NP_777498', 'E2', 690, 1062, 'S16-TM', 'no';
520, 7, 'NP_777500', 'p7', 1063, 1132, 'TM', 'no';
520, 8, 'NP_777501', 'NS2-3', 1133, 2272, 'F276-F4-F219', 'no';
520, 9, 'NP_777502', 'NS3 (protease/helicase)', 1590, 2272, 'F4-F219', 'no';
520, 10, 'NP_777503', 'NS4A', 2273, 2336, 'F273', 'no';
520, 11, 'NP_777504', 'NS4B', 2337, 2683, 'F274', 'no';
520, 12, 'NP_777505', 'NS5A', 2684, 3180, 'F275', 'no';
520, 13, 'NP_777506', 'NS5B', 3181, 3898, 'F166-F168(3D)-TM', 'no';
525, 1, 'NP_803210', 'E1', 1, 304, 'UNK', 'no';
525, 2, 'NP_803211', 'E2', 305, 709, 'UNK', 'no';
525, 3, 'NP_803212', 'p7-NS2', 710, 962, 'UNK', 'no';
525, 4, 'NP_803213', 'NS3 (proteinase/ATPase/helicase)', 963, 1587, 'F216(3D)-F219(3D)', 'no';
525, 5, 'NP_803214', 'NS4A', 1588, 1653, 'F242', 'no';
525, 6, 'NP_803215', 'NS4B', 1654, 1941, 'F228', 'no';
525, 7, 'NP_803216', 'NS5A', 1942, 2406, 'F229', 'no';
525, 8, 'NP_803217', 'NS5B (RdRp)', 2407, 2967, 'F230(3D)-TM', 'no';
531, 1, 'NP_777507', 'N-Pro', 1, 168, 'F235', 'no';
531, 2, 'NP_777508', 'C protein', 169, 268, 'DISS4-TM', 'no';
531, 3, 'NP_777509', 'E-rns', 269, 495, 'S99', 'no';
531, 4, 'NP_777510', 'E1', 496, 690, 'PS-S23-TM', 'no';
531, 5, 'NP_777512', 'E2-p7', 691, 1133, 'S16-TM-TM', 'no';
531, 7, 'NP_777513', 'p7', 1064, 1133, 'TM', 'no';
531, 6, 'NP_777511', 'E2', 691, 1063, 'S16-TM', 'no';
531, 8, 'NP_777514', 'NS2-3', 1134, 2269, 'F276-F74', 'no';
531, 9, 'NP_777515', 'NS3 (protease/helicase)', 1587, 2269, 'F4-F219', 'no';
531, 10, 'NP_777516', 'NS4A', 2270, 2333, 'F273', 'no';
531, 11, 'NP_777517', 'NS4B', 2334, 2680, 'F274', 'no';
531, 12, 'NP_777518', 'NS5A', 2681, 3177, 'F275', 'no';
531, 13, 'NP_777519', 'NS5B', 3178, 3895, 'F166-F168(3D)-TM', 'no';
532, 1, 'NP_777520', 'N-Pro', 1, 168, 'F235', 'no';
532, 2, 'NP_777521', 'C protein', 169, 266, 'DISS4-TM', 'no';
532, 3, 'NP_777522', 'E-rns', 267, 493, 'S99', 'no';
532, 4, 'NP_777523', 'E1', 494, 688, 'PS-S23-TM', 'no';
532, 5, 'NP_777525', 'E2-p7', 689, 1132, 'S16-TM-TM', 'no';
532, 6, 'NP_777524', 'E2', 687, 1062, 'S16-TM', 'no';
532, 7, 'NP_777526', 'p7', 1063, 1132, 'TM', 'no';
532, 8, 'NP_777527', 'NS2-3', 1133, 2362, 'F276-F74', 'no';
532, 9, 'NP_777528', 'NS3 (protease/helicase)', 1680, 2362, 'F4-F219', 'no';
532, 10, 'NP_777529', 'NS4A', 2363, 2426, 'F273', 'no';
532, 11, 'NP_777530', 'NS4B', 2427, 2773, 'F274', 'no';
532, 12, 'NP_777531', 'NS5A', 2774, 3270, 'F275', 'no';
532, 13, 'NP_777532', 'NS5B', 3271, 3989, 'F166-F168(3D)-TM', 'no';
533, 1, 'NP_066135', 'nsp1 (pcp1a and pcp1b)', 1, 382, 'F39-F220', 'no';
533, 2, 'NP_740596', 'nsp2 (Cysteine protease/ Cysteine peptidase)', 383, 1578, 'UNK-F221-UNK-HD-F38', 'no';
533, 3, 'NP_740597', 'nsp3 (hydrophobic protein)', 1579, 1809, 'HD-F222-HD-F224', 'no';
533, 4, 'NP_740598', 'nsp4  (3CLSP)', 1810, 2013, 'F223', 'no';
533, 5, 'NP_740599', 'nsp5 (hydrophobic protein 2)', 2014, 2183, 'HD', 'no';
533, 6, 'NP_740600', 'nsp6', 2184, 2199, 'UNK', 'no';
533, 7, 'NP_740601', 'nsp7', 2200, 2458, 'F244', 'no';
533, 9, 'NP_740602', 'nsp9 (RdRp)', 2459, 3143, 'F189', 'no';
533, 10, 'NP_740603', 'nsp10 (MB, NTPase, HEL)', 3144, 3584, 'F190', 'no';
533, 11, 'NP_740604', 'nsp11', 3585, 3807, 'F192', 'no';
533, 12, 'NP_740605', 'nsp12', 3808, 3960, 'F234', 'no';
541, 1, 'NP_705583', 'nsp1(PCP1alpha/PCP1beta)', 1, 260, 'F37', 'no';
541, 2, 'NP_705584', 'nsp2 (CP2)', 261, 831, 'F221-UNK-HD-F38', 'no';
541, 3, 'NP_705585', 'nsp3 (HD)', 832, 1064, 'HD-F222-HD-F224', 'no';
541, 4, 'NP_705586', 'nsp4 (3CLSP)', 1065, 1268, 'F223(3D:1MBM)', 'no';
541, 5, 'NP_705587', 'nsp5 (HD)', 1269, 1430, 'HD', 'no';
541, 6, 'NP_705588', 'nsp6', 1431, 1452, 'UNK', 'no';
541, 7, 'NP_705589', 'nsp7', 1453, 1677, 'F244', 'no';
541, 9, 'NP_705590', 'nsp9 (RdRp)', 1678, 2370, 'F189', 'no';
541, 8, 'NP_705594', 'nsp8', 1678, 1727, 'F189...', 'no';
541, 10, 'NP_705591', 'nsp10 (MB, NTPase/HEL)', 2371, 2837, 'F190 [2371-2836]', 'yes';
541, 11, 'NP_705592', 'nsp11(endoRNase)', 2838, 3056, 'F192 [2837-3056]', 'yes';
541, 12, 'NP_705593', 'nsp12', 3057, 3174, 'F272', 'no';
440, 4, 'NP_904322.1', 'nsp4 (HD2)', 2741, 3240, 'TM-F196', 'no';
441, 4, 'NP_904322.1', 'nsp4 (HD2)', 2741, 3240, 'TM-F196 ', 'no';
521, 2, 'NP_620108', 'sig_peptide', 1, 116, 'PS', 'no';
269, 10, '', 'NS5B RNA-dependent RNA polymerase', 2420, 3010, 'F230 (3D:1C2P)-TM', 'no';
269, 9, '', 'NS5A protein', 1973, 2419, 'TM(3D)-F229 ', 'no';
269, 8, '', 'NS4B protein', 1712, 1972, 'F231-HD-ihd-HD-ihd-HD-ihd-HD-ihd-HD-F227 ', 'no';
269, 5, '', 'NS2 protein', 810, 1016, 'EX-TM-F225', 'no';
558, 8, 'HOME MADE', 'NSP8', 2056, 2105, 'F189...', 'no';
533, 8, 'HOME MADE', 'nsp8', 2459, 2503, 'F189...', 'no';
465, 1, 'NP_835344.1', 'p9 leader protein', 1, 111, 'F208', 'no';
465, 2, 'NP_835357.1', 'p87', 112, 897, 'F198', 'no';
465, 3, 'NP_835345.1', 'nsp1 (p195/p210)', 898, 2484, 'F204(ac)-F201(PLP1)-F200(X)-F251-F203(PLP2) -F252-F202(Y)', 'no';
465, 4, 'NP_835358.1', 'p44 (HD2)', 2485, 2965, 'TM-F196', 'no';
465, 5, 'NP_835346.1', 'nsp2 (3CL-PRO)', 2966, 3267, 'F195(3D:1P9S)', 'no';
465, 6, 'NP_835347.1', 'nsp3 (HD3)', 3268, 3546, 'F184', 'no';
465, 7, 'NP_835348.1', 'nsp4', 3547, 3629, 'F185', 'no';
465, 8, 'NP_835349.1', 'nsp5', 3630, 3824, 'F186', 'no';
465, 9, 'NP_835350.1', 'nsp6', 3825, 3933, 'F187 (cofactor polymerase)', 'no';
465, 10, 'NP_835351.1', 'nsp7', 3934, 4068, 'F188', 'no';
465, 11, 'NP_835352.1', 'nsp9 (RdRp)', 4069, 4995, 'F189', 'no';
465, 12, 'NP_835353.1', 'nsp10 (MB, NTPase/HEL)', 4996, 5592, 'F190', 'no';
465, 13, 'NP_835354.1', 'nsp11(nuclease ExoN homolog)', 5593, 6110, 'F191', 'no';
465, 14, 'NP_835355.', 'nsp12 (endoRNase)', 6111, 6458, 'F192', 'no';
465, 15, 'NP_835356.1', 'nsp13 (MTase)', 6459, 6758, 'F193', 'no';
466, 1, 'NP_835344.1', 'p9 leader protein', 1, 111, 'F208', 'no';
466, 2, 'NP_835357.1', 'p87', 112, 897, 'F198', 'no';
466, 3, 'NP_835345.1', 'nsp1 (p195/p210)', 898, 2484, 'F204(ac)-F201(PLP1)-F200(X)-F251-F203(PLP2) -F252-F202(Y)', 'no';
466, 4, 'NP_835358.1', 'p44 (HD2)', 2485, 2965, 'TM-F196', 'no';
466, 5, 'NP_835346.1', 'nsp2 (3CL-PRO)', 2966, 3267, 'F195(3D)', 'no';
466, 6, 'NP_835347.1', 'nsp3 (HD3)', 3268, 3546, 'F184', 'no';
466, 7, 'NP_835348.1', 'nsp4', 3547, 3629, 'F185', 'no';
466, 8, 'NP_835349.1', 'nsp5', 3630, 3824, 'F186', 'no';
466, 9, 'NP_835350.1', 'nsp6', 3825, 3933, 'F187 (cofactor polymerase) ', 'no';
466, 10, 'NP_835351.1', 'nsp7', 3934, 4068, 'F188', 'no';
466, 11, '', 'unk', 4069, 4085, 'A', 'no';
459, 1, 'NP_839957.1', 'leader protein', 1, 110, 'F208', 'no';
459, 2, 'NP_839958.1', 'nsp1 (PL1-PRO,PL2-PRO,predicted Pesterase,Y)', 111, 2997, 'F198-F204(ac)-F201(PLP1)-F200(X)-F251-F203(PLP2)  -F252-F202(Y)-TM-F196', 'no';
459, 3, 'NP_839959.1', 'nsp2 (3CL-PRO)', 2998, 3299, 'F195(3D)', 'no';
459, 4, 'NP_839960.1', 'nsp3 (HD2)', 3300, 3579, 'F184', 'no';
459, 5, 'NP_839961.1', 'nsp4', 3580, 3662, 'F185', 'no';
459, 6, 'NP_839962.1', 'nsp5', 3663, 3857, 'F186', 'no';
459, 7, 'NP_839963.1', 'nsp6 (cofactor polymerase)', 3858, 3965, 'F187 (cofactor polymerase)', 'no';
459, 8, 'NP_839964.1', 'nsp7 (GLF)', 3966, 4100, 'F188', 'no';
459, 9, 'NP_839965.1', 'nsp9 (RdRp)', 4101, 5027, 'F189', 'no';
459, 10, 'NP_839966.1', 'nsp10 (MB, NTPase/HEL)', 5028, 5624, 'F190', 'no';
459, 11, 'NP_839967.1', 'nsp11 (ExoN)', 5625, 6141, 'F191', 'no';
459, 12, 'NP_839968.1', 'nsp12 (endoRNase)', 6142, 6480, 'F192', 'no';
459, 13, 'NP_839969.1', 'nsp13 (MTase)', 6481, 6781, 'F193', 'no';
451, 1, 'NP_840001.1', 'leader protein', 1, 108, 'F208', 'no';
451, 2, 'NP_840002.1', 'nsp1 (PL1-PRO,PL2-PRO,predicted Pesterase,Y)', 109, 2878, 'F198-F204(ac)-F201(PLP1)-F200(X)-UNK- F203(PLP2)-F199-F202(Y)-TM-F196', 'no';
451, 3, 'NP_840003.1', 'nsp2 (3CL-PRO)', 2879, 3180, 'F195(3D:1LVO) ', 'no';
451, 4, 'NP_840004.1', 'nsp3 (HD2)', 3181, 3474, 'F184', 'no';
451, 5, 'NP_840005.1', 'nsp4', 3475, 3557, 'F185', 'no';
451, 6, 'NP_840006.1', 'nsp5', 3558, 3752, 'F186', 'no';
451, 7, 'NP_840007.1', 'nsp6', 3753, 3863, 'F187 (cofactor polymerase)', 'no';
451, 8, 'NP_840008.1', 'nsp7 (GLF)', 3864, 3998, 'F188', 'no';
451, 9, 'NP_840009.1', 'nsp9 (RdRp)', 3999, 4928, 'F189', 'no';
451, 10, 'NP_840010.1', 'nsp10 (MB, NTPase/HEL)', 4929, 5527, 'F190', 'no';
451, 11, 'NP_840011.1', 'nsp11 (nuclease ExoN homolog)', 5528, 6046, 'F191', 'no';
451, 12, 'NP_840012.1', 'nsp12 (endoRNase)', 6047, 6385, 'F192', 'no';
451, 13, 'NP_840013.1', 'nsp13 (MTase)', 6386, 6685, 'F193', 'no';
452, 1, 'NP_840001.1', 'leader protein', 1, 110, 'F208 [1-108]', 'yes';
452, 2, 'NP_840002.1', 'nsp1 (PL1-PRO,PL2-PRO,predicted Pesterase,Y)', 111, 2878, 'F198-F204(ac)-F201(PLP1)-F200(X)-UNK- F203(PLP2)-F199-F202(Y)-TM-F196', 'yes';
452, 3, 'NP_840003.1', 'nsp2 (3CL-PRO)', 2879, 3180, 'F195(3D) ', 'no';
452, 4, 'NP_840004.1', 'nsp3 (HD2)', 3181, 3474, 'F184', 'no';
452, 5, 'NP_840005.1', 'nsp4', 3475, 3557, 'F185', 'no';
452, 6, 'NP_840006.1', 'nsp5', 3558, 3752, 'F186', 'no';
452, 7, 'NP_840007.1', 'nsp6', 3753, 3863, 'F187 (cofactor polymerase)', 'no';
452, 8, 'NP_840008.1', 'nsp7 (GLF)', 3864, 3998, 'F188', 'no';
452, 9, 'NP_840009.1', 'unk', 3999, 4017, 'A', 'no';
375, 1, '', 'Leader protein', 1, 246, 'F233 ', 'no';
375, 2, '', 'MHV p65-like protein', 247, 851, 'F240 ', 'no';
375, 3, '', 'nsp1 (PL1-PRO, PL2-PRO, HD)', 852, 2750, 'F197(ac)-F248(PLP1)-F200(X)-F249-F203(PLP2) -F250-F202(Y)', 'no';
375, 4, '', 'HD2', 2751, 3246, 'TM-F196', 'no';
375, 5, '', 'nsp2 (3CL-PRO)', 3247, 3549, 'F195(3D)', 'no';
375, 6, '', 'nsp3 (HD3)', 3550, 3836, 'F184', 'no';
375, 7, '', 'nsp4', 3837, 3925, 'F185', 'no';
375, 8, '', 'nsp5', 3926, 4122, 'F186', 'no';
375, 9, '', 'nsp6', 4123, 423, 'F187 (cofactor-polymerase)', 'no';
375, 10, '', 'nsp7 (GFL)', 4233, 4369, 'F188', 'no';
375, 11, '', 'nsp9 (RdRp)', 4370, 5297, 'F189', 'no';
375, 12, '', 'nsp10 (MB, NTPase/HEL)', 5298, 5900, 'F190', 'no';
375, 13, '', 'nsp11 (nuclease ExoN homolog)', 5901, 6421, 'F191', 'no';
375, 14, '', 'nsp12 (endoRNase)', 6422, 6796, 'F192', 'no';
375, 15, '', 'nsp13 (MTase)', 6797, 7095, 'F193', 'no';
387, 1, 'NP_937771', 'capsid', 1, 143, 'S137-PS', 'no';
387, 2, 'NP_976250', 'premembrane', 144, 286, 'S135-S136-TM', 'no';
387, 3, 'NP_937772', 'membrane', 225, 286, 'S136-TM [226-286]', 'yes';
387, 4, 'NP_937773.1', 'envelope', 287, 718, 'S100-TM', 'no';
387, 5, 'NP_937774', 'NS1', 719, 1108, 'F71', 'no';
387, 6, 'NP_937775', 'NS2A', 1109, 1340, 'F215', 'no';
387, 7, 'NP_937776', 'NS2B', 1341, 1464, 'F218', 'no';
387, 8, 'NP_937777', 'NS3 (Serine protease/ Helicase)', 1465, 2041, 'F74(3D)-F79', 'no';
387, 9, 'NP_937778', 'NS4A-2K', 2042, 2209, 'F256-HD-F255', 'no';
387, 10, 'NP_937779', 'NS4B', 2210, 2470, 'F257', 'no';
387, 11, 'NP_937780', 'NS5', 2471, 3357, 'F77(3D)-F78', 'no';
270, 1, 'NP_932082', 'anchored core C', 1, 112, 'S96-PS', 'no';
270, 2, 'NP_932081', 'core C', 1, 96, 'S96', 'no';
270, 3, 'NP_932083', 'PreM', 113, 280, 'S46-S133-TM', 'no';
270, 4, 'NP_932084', 'matrix M', 206, 280, 'S133-TM', 'no';
270, 5, 'NP_932085', 'envelope protein', 281, 776, 'S47(3D)-LNK-TM', 'no';
270, 6, 'NP_932086', 'NS1', 777, 1128, 'F71', 'no';
270, 7, 'NP_932087', 'NS2a', 1129, 1358, 'F72', 'no';
270, 8, 'NP_932088', 'NS2b', 1359, 1489, 'F217', 'no';
270, 9, 'NP_932089', 'NS3', 1490, 2110, 'F74(3D)-F79', 'no';
270, 10, 'NP_932090', 'NS4a', 2111, 2236, 'F75-HD', 'no';
270, 11, 'NP_932091', '2K protein', 2237, 2259, 'F255', 'no';
270, 12, 'NP_932092', 'NS4b', 2260, 2511, 'F76', 'no';
270, 13, 'NP_932093', 'NS5', 2512, 3414, 'F77(3D)-F78', 'no';
349, 1, 'NP_740696', 'NSP1 (minus strand RNA synthesis; methyltransferase; guanyltransferase)', 1, 535, 'F263a-TM-F263b', 'no';
349, 2, 'NP_740697', 'NSP2 (RNA helicase; nonstructural proteinase; necessary for subgenomic 26S mRN)', 536, 1329, 'F261-F260', 'no';
349, 3, 'NP_740698', 'NSP3 (replication)', 1330, 1886, '', 'no';
349, 4, 'NP_740699', 'NSP4 (RNA polymerase)', 1887, 2493, 'F262', 'no';
350, 1, '', 'NSP1 (minus strand RNA synthesis; methyltransferase; guanyltransferase)', 1, 535, 'F263a-TM-F263b', 'no';
350, 2, '', 'NSP2 (RNA helicase; nonstructural proteinase; necessary for subgenomic 26S mRN)', 536, 1329, 'F261-F260', 'no';
350, 3, '', 'NSP3 (replication)', 1330, 1879, 'F269', 'no';
351, 1, 'NP_740700', 'core protein (encloses the genomic mRNA molecule)', 1, 275, 'M14a-M14b(3D:1EP5)', 'no';
351, 2, 'NP_741965', 'E3 envelope protein', 276, 334, 'S122', 'no';
351, 3, 'NP_741966', 'E2 envelope glycoprotein', 335, 757, 'S121', 'no';
351, 4, 'NP_818994', '6K protein', 758, 813, 'TM', 'no';
351, 5, 'NP_741967', 'E1 envelope protein', 814, 1255, 'S44-TM [3D]', 'no';
352, 1, 'NP_740703', 'NSP1', 1, 535, 'F263a-TM-F263b', 'no';
352, 2, 'NP_740704', 'NSP2', 536, 1333, 'F261-F260', 'no';
352, 3, 'NP_740705', 'NSP3', 1334, 1903, '', 'no';
352, 4, 'NP_740706', 'NSP4', 1904, 2514, 'F262', 'no';
620, 1, 'NP_740707', 'C protein', 1, 260, 'M14a-M14b(3D)', 'no';
620, 2, 'NP_740708', 'E3 protein', 261, 324, 'S122', 'no';
620, 3, 'NP_740709', 'E2 protein', 325, 748, 'S121', 'no';
620, 4, 'NP_740710', '6K protein', 749, 808, 'TM', 'no';
620, 5, 'NP_740711', 'E1 protein', 809, 1247, 'S44-TM [3D]', 'no';
621, 1, 'NP_740678', 'NSP1', 1, 533, 'F263a-TM-F263b', 'no';
621, 2, 'NP_740679', 'NSP2', 534, 1331, 'F261-F260', 'no';
621, 3, 'NP_740680', 'NSP3', 1332, 1869, 'F269', 'no';
621, 4, 'NP_740681', 'NSP4', 1870, 2480, 'F262', 'no';
622, 1, 'NP_740682', 'C protein', 1, 270, 'M14a-M14b(3D)', 'no';
622, 2, 'NP_740683', 'E3 protein', 271, 334, 'S122', 'no';
622, 3, 'NP_740684', 'E2 protein', 335, 756, 'S121', 'no';
622, 4, 'NP_740685', '6K protein', 757, 816, 'TM', 'no';
622, 5, 'NP_740686', 'E1 protein', 817, 1254, 'S44-TM [3D]', 'no';
623, 1, 'NP_803428', "p150 (X-domain homologous to the yeast Appr-1\'-p processing enzyme)", 1, 1299, '', 'no';
623, 2, 'NP_803428', 'p90 (NTPase/RNA helicase I; RNA-directed RNA polymerase)', 1300, 2205, 'F265-LNK-F266-LNK-F267', 'no';
624, 1, 'NP_740662', 'capsid protein (Multiple copies of the C protein comprise the nucleocapsid)', 1, 300, '', 'no';
624, 2, 'NP_740663', 'glycoprotein E2', 301, 582, '', 'no';
624, 3, 'NP_740664', 'glycoprotein E1 (viral hemagglutinin)', 583, 1063, '', 'no';
625, 4, 'NP_740669', 'NSP4', 1898, 2513, 'F262', 'no';
626, 1, 'NP_740670', 'NSP1', 1, 540, 'F263a-TM-F263b', 'no';
626, 2, 'NP_740671', 'NSP2', 541, 1347, 'F261-F260', 'no';
626, 3, 'NP_740672', 'NSP3', 1348, 1896, '', 'no';
625, 1, 'NP_740670', 'NSP1', 1, 540, 'F263a-TM-F263b', 'no';
625, 2, 'NP_740671', 'NSP2', 541, 1347, 'F260-F261', 'no';
625, 3, 'NP_740672', 'NSP3', 1348, 1896, '', 'no';
627, 1, 'NP_740673', 'capsid protein', 1, 264, 'M14a-M14b(3D:2SNW) [ M14(3D:1LD4A) ]', 'no';
627, 2, 'NP_740674', 'e-3 structural protein', 265, 328, 'S122', 'no';
627, 3, 'NP_740675', 'e-2 structural protein', 329, 751, 'S121', 'no';
627, 4, 'NP_740676', '6k structural protein', 752, 806, 'TM', 'no';
627, 5, 'NP_740677', 'e-1 structural protein', 807, 1245, 'S44-TM [3D:1LD4M]', 'no';
628, 1, 'NP_818995', 'NSP1', 1, 533, 'F263a-TM-F263b', 'no';
628, 2, 'NP_818996', 'NSP2', 534, 1331, 'F261-F260', 'no';
628, 3, 'NP_818997', 'NSP3', 1332, 1794, '', 'no';
629, 1, 'NP_597797', 'NSP', 1, 539, 'F262', 'no';
630, 1, 'NP_818998', 'C protein (the capsid protein is a serine proteinase that releases itself from)', 1, 253, 'M14a-M14b(3D)', 'no';
630, 2, 'NP_818999', 'E3 protein', 254, 321, 'S122', 'no';
630, 3, 'NP_819000', 'E2 protein', 322, 742, 'S121', 'no';
630, 4, 'NP_819001', '6K protein', 743, 800, 'TM', 'no';
630, 5, 'NP_819002', 'E1 protein', 801, 1239, 'S44-TM [3D]', 'no';
631, 1, 'NP_740712', 'NSP1', 1, 535, 'F263a-TM-F263b', 'no';
631, 2, 'NP_740713', 'NSP2', 536, 1333, 'F261-F260', 'no';
631, 3, 'NP_740714', 'NSP3', 1334, 1902, '', 'no';
631, 4, 'NP_740715', 'NSP4', 1903, 2513, 'F262', 'no';
632, 1, 'NP_740716', 'capsid protein', 1, 260, 'M14a-M14b(3D)', 'no';
632, 2, 'NP_741961', 'envelope protein E3', 261, 324, 'S122', 'no';
632, 3, 'NP_741962', 'envelope glycoprotein E2', 325, 747, 'S121', 'no';
632, 4, 'NP_741963', '6K envelope protein', 748, 808, 'TM', 'no';
632, 5, 'NP_741964', 'envelope glycoprotein E1', 809, 1247, 'S44-TM [3D]', 'no';
633, 1, 'NP_740665', 'NSP1 (guanine-7N-methyltansferase; guanylyltransferase)', 1, 537, 'F263a-TM-F263b', 'no';
633, 2, 'NP_740666', "NSP2 (NTPase/RNA helicase/5\\\'-triphosphatase/proteinase)", 538, 1335, 'F261-F260', 'no';
633, 3, 'NP_740667', 'NSP3 (phosphoprotein; predicted phosphoesterase)', 1336, 1817, 'F269', 'no';
633, 4, 'NP_740668', 'NSP4 (RNA-dependent RNA polymerase catalytic subunit)', 1818, 2431, 'F262', 'no';
634, 1, 'NP_819004', 'C protein (serine proteinase that releases itself from the precursor)', 1, 267, 'M14a-M14b(3D:1VCQ)', 'no';
634, 2, 'NP_819005', 'E3 protein', 268, 333, 'S122', 'no';
634, 3, 'NP_819006', 'E2 protein', 334, 755, 'S121', 'no';
634, 4, 'NP_819007', '6K protein', 756, 815, 'TM', 'no';
634, 5, 'NP_819008', 'E1 protein', 816, 1253, 'S44-TM [3D]', 'no';
635, 1, 'NP_740687', 'NSP1', 1, 536, 'F263a-TM-F263b', 'no';
635, 2, 'NP_740688', 'NSP2', 537, 1334, 'F261-F260', 'no';
635, 3, 'NP_740689', 'NSP3', 1335, 1819, '', 'no';
635, 4, 'NP_740690', 'NSP4', 1820, 2437, '[1820-2430]F262', 'yes';
636, 1, 'NP_740691', 'capsid protein', 1, 258, 'M14a-M14b(3D)', 'no';
636, 2, 'NP_740692', 'envelope glycoprotein E3', 259, 324, 'S122', 'no';
636, 3, 'NP_740693', 'envelope glycoprotein E2', 325, 746, 'S121', 'no';
636, 4, 'NP_740695', '6k protein', 747, 806, 'TM', 'no';
636, 5, 'NP_740694', 'envelope glycoprotein E1', 807, 1242, 'S44-TM [3D]', 'no';
637, 1, 'NP_740653', 'NSP1', 1, 563, 'F263a-TM-F263b', 'no';
637, 2, 'NP_740654', 'NSP2', 564, 1420, 'F261-F260', 'no';
637, 3, 'NP_740655', 'NSP3', 1421, 1984, '', 'no';
637, 4, 'NP_740656', 'NSP4', 1985, 2593, 'F262', 'no';
638, 1, 'NP_740657', 'capsid protein', 1, 283, 'M14a-M14b(3D)', 'no';
638, 2, 'NP_740658', 'E3 protein', 284, 354, 'S122', 'no';
638, 3, 'NP_740659', 'E2 protein', 355, 792, 'S121', 'no';
638, 4, 'NP_740660', '6K protein', 793, 860, 'TM', 'no';
638, 5, 'NP_740661', 'E1 protein', 861, 1322, 'S44 [3D]', 'no';
639, 1, 'NP_740649', 'NSP1', 1, 532, 'F263a-TM-F263b', 'no';
639, 2, 'NP_740650', 'NSP2', 533, 1326, 'F261-F260', 'no';
639, 3, 'NP_740651', 'NSP3', 1327, 1878, '', 'no';
641, 1, 'NP_740644', 'C protein (serine proteinase)', 1, 260, 'M14a-M14b(3D)', 'no';
641, 2, 'NP_740645', 'E3 protein', 261, 323, 'S122', 'no';
641, 3, 'NP_740646', 'E2 protein', 324, 743, 'S121', 'no';
641, 4, 'NP_740647', '6K protein', 744, 800, 'TM', 'no';
641, 5, 'NP_740648', 'E1 protein', 801, 1241, 'S44-TM [3D]', 'no';
642, 1, 'NP_819010', 'NSP1 (guanine-7N-methyltransferase; guanylyltransferase)', 1, 539, 'F263a-TM-F263b', 'no';
642, 2, 'NP_819011', "NSP2 (NTPase/RNA helicase/5\\\'-triphosphatase/papain-like proteinase)", 540, 1345, 'F261-F260', 'no';
642, 3, 'NP_819012', 'NSP3 (phosphoprotein, predicted phosphoesterase)', 1346, 1888, '', 'no';
642, 4, 'NP_819013', 'NSP4 (RNA-dependent RNA polymerase catalytic subunit)', 1889, 2498, 'F262', 'no';
643, 1, 'NP_819015', 'C protein (serine proteinase)', 1, 267, 'M14a-M14b(3D)', 'no';
643, 2, 'NP_819016', 'E3 protein', 268, 328, 'S122', 'no';
643, 3, 'NP_819017', 'E2 protein', 329, 752, 'S121', 'no';
643, 4, 'NP_819018', '6K protein', 753, 806, 'TM', 'no';
643, 5, 'NP_819019', 'E1 protein', 807, 1244, 'S44-TM [3D]', 'no';
644, 1, 'NP_818933', 'NSP1 (guanine-7N-methyltransferase; guanylyltransferase)', 1, 533, 'F263a-TM-F263b', 'no';
644, 2, 'NP_818934', "NSP2 (NTPase/RNA helicase/5\\\'-triphosphatase/papain-like proteinase)", 534, 1327, 'F261-F260', 'no';
644, 3, 'NP_818935', 'NSP3 (phosphoprotein, predicted phosphoesterase)', 1328, 1859, '', 'no';
644, 4, 'NP_818936', 'NSP4 (RNA-dependent RNA polymerase catalytic subunit)', 1860, 2467, 'F262', 'no';
645, 1, 'NP_818938', 'C protein (serine proteinase)', 1, 259, 'M14a-M14b(3D)', 'no';
645, 2, 'NP_818939', 'E3 protein', 260, 319, 'S122', 'no';
645, 3, 'NP_818940', 'E2 protein', 320, 742, 'S121', 'no';
645, 4, 'NP_818941', '6K protein', 743, 797, 'TM', 'no';
645, 5, 'NP_818942', 'E1 protein', 798, 1236, 'S44-TM [3D]', 'no';
646, 1, 'NP_740635', 'NSP1', 1, 562, 'F263a-TM-F263b', 'no';
646, 2, 'NP_740636', 'NSP2', 563, 1421, 'F261-F260', 'no';
646, 3, 'NP_740637', 'NSP3', 1522, 1992, '', 'no';
646, 4, 'NP_740638', 'NSP4', 1993, 2601, 'F262', 'no';
647, 1, 'NP_740639', 'capside protein', 1, 282, 'M14a-M14b(3D)', 'no';
647, 2, 'NP_740640', 'E3 protein', 283, 353, 'S122', 'no';
647, 3, 'NP_740641', 'E2 protein', 354, 791, 'S121', 'no';
647, 4, 'NP_740642', '6K protein', 792, 859, 'TM', 'no';
647, 5, 'NP_740643', 'E1 protein', 860, 1320, 'S44-TM [3D]', 'no';
648, 1, '', 'NSP1', 1, 534, 'F263a-TM-F263b', 'no';
648, 2, '', 'NSP2', 535, 1333, 'F261-F260', 'no';
648, 3, '', 'NSP3', 1334, 1903, '', 'no';
648, 4, '', 'NSP4', 1904, 2474, 'F262', 'no';
640, 1, '', 'NSP4', 1, 608, '', 'no';
649, 1, '', 'capsid protein', 1, 261, 'M14a-M14b(3D)', 'no';
649, 2, '', 'E3 protein', 262, 324, 'S122', 'no';
649, 3, '', 'E2 protein', 325, 748, 'S121', 'no';
649, 4, '', '6K protein', 749, 808, 'TM', 'no';
649, 5, '', 'E1 protein', 809, 1248, 'S44-TM [3D]', 'no';
550, 1, 'HOME MADE', 'NSP1(Cysteine protease)', 1, 380, 'F39-F220', 'no';
550, 2, 'HOME MADE', 'NSP2', 381, 1284, 'F221-UNK-HD-F38', 'no';
550, 4, 'HOME MADE', 'NSP4 (Proteinase (Chymotrypsin-Like serine))', 1511, 1712, 'F223', 'no';
550, 3, 'HOME MADE', 'NSP3', 1285, 1510, 'HD-F222-HD-F224', 'no';
550, 5, 'HOME MADE', 'NSP5', 1713, 1898, 'HD', 'no';
550, 6, 'HOME MADE', 'NSP6', 1899, 1956, 'UNK', 'no';
550, 7, 'HOME MADE', 'NSP7', 1957, 2177, 'F244', 'no';
558, 1, 'HOME MADE', 'NSP1', 1, 350, 'F270-F220', 'no';
558, 2, 'HOME MADE', 'NSP2', 351, 1236, 'UNK-F221-UNK-HD-F38', 'no';
558, 3, 'HOME MADE', 'NSP3', 1237, 1463, 'HD-F222-HD-F224', 'no';
558, 4, 'HOME MADE', 'NSP4', 1464, 1658, 'F223', 'no';
558, 5, 'HOME MADE', 'NSP5', 1659, 1830, 'HD', 'no';
558, 6, 'HOME MADE', 'NSP6', 1831, 1843, 'UNK', 'no';
558, 7, 'HOME MADE', 'NSP7', 1844, 2055, 'F244', 'no';
558, 9, 'HOME MADE', 'NSP9', 2056, 2745, 'F189', 'no';
558, 10, 'HOME MADE', 'NSP10', 2746, 3195, 'F190', 'no';
558, 11, 'HOME MADE', 'NSP11', 3196, 3418, 'F192', 'no';
558, 12, 'HOME MADE', 'NSP12', 3419, 3595, 'F271', 'no';
550, 10, 'HOME MADE', 'NSP10 (helicase SFI)', 2865, 3293, 'F190', 'no';
550, 11, 'HOME MADE', 'NSP11(endoRNase)', 3294, 3515, 'F192', 'no';
550, 12, 'HOME MADE', 'NSP12', 3516, 3637, 'F44', 'no';
550, 8, 'HOME MADE', 'NSP8', 2178, 2226, 'F189...', 'no';
550, 9, 'HOME MADE', 'NSP9 (polymerase)', 2178, 2864, 'F189', 'no';
389, 1, '', 'prC', 1, 127, 'S96-PS', 'no';
389, 2, '', 'C', 1, 109, 'S96', 'no';
389, 3, '', 'prM', 128, 296, 'S46-S133-TM', 'no';
389, 4, '', 'M', 222, 296, 'S133-TM', 'no';
389, 5, '', 'E', 297, 786, 'S47(3D)-LNK-TM', 'no';
389, 6, '', 'NS1', 787, 1139, 'F71', 'no';
389, 7, '', 'NS2A', 1140, 1372, 'F72', 'no';
389, 8, '', 'NS2B', 1367, 1496, 'F73 ', 'no';
389, 9, '', 'NS3 (protease/helicase)', 1497, 2115, 'F74(3D)-F79', 'no';
389, 10, '', 'NS4A', 2116, 2242, 'F75-HD', 'no';
389, 11, '', '2K', 2243, 2265, 'F255', 'no';
389, 12, '', 'NS4B', 2266, 2519, 'F76', 'no';
389, 13, '', 'NS5 (MTase/RdRp)', 2520, 3425, 'F77(3D)-F78', 'no';
651, 1, 'NP_937961', 'L-protease (Cys-protease)', 1, 201, 'F277(3D)', 'no';
651, 2, 'NP_937962', 'P1-2A', 202, 951, 'S138(3D)-S139(3D)-S140(3D)-S141(3D)-F281', 'no';
651, 3, 'NP_937963', '2B', 952, 1105, 'F282', 'no';
651, 4, 'NP_937964', '2C', 1106, 1423, 'F279', 'no';
651, 5, 'NP_937965', '3AB', 1424, 1647, 'F284-F283', 'no';
651, 6, 'NP_937966', '3C (Cys-protease)', 1648, 1860, 'F280', 'no';
651, 7, 'NP_937967', '3D(polymerase)', 1861, 2330, 'F278(3D:1WNE)', 'no';
652, 1, '', 'Lpro (Cys-protease)', 1, 201, '', 'no';
653, 1, 'NP_740456', 'Lab (protease)', 1, 201, 'F277(3D)', 'no';
653, 2, 'NP_740457', 'VP4', 202, 286, 'S138(3D:1FOD_4)', 'no';
653, 3, 'NP_740458', 'VP2', 287, 504, 'S139(3D:QQP_2)', 'no';
653, 4, 'NP_740459', 'VP3', 505, 724, 'S140(3D:QQP_3)', 'no';
653, 5, 'NP_740460', 'VP1', 725, 935, 'S141(3D:QQP_1) ', 'no';
653, 6, 'NP_740461', '2A', 936, 953, 'F281', 'no';
653, 7, 'NP_740462', '2B', 954, 1107, 'F282', 'no';
653, 10, 'NP_740465', '3B1/3B2/3B3', 1569, 1639, 'F283', 'no';
653, 11, 'NP_740466', '3C (Cys-protease)', 1640, 1852, 'F290', 'no';
653, 12, 'NP_740467', '3D (polymerase)', 1853, 2322, 'F278(3D)', 'no';
653, 8, 'NP_740463', '2C', 1108, 1425, 'F279', 'no';
652, 2, '', 'P1-2A', 202, 953, 'S138(3D:1QQP_4)-S139(3D)-S140(3D)-S141(3D)-F281', 'no';
653, 9, 'NP_740464', '3A', 1426, 1568, 'F284', 'no';
652, 3, '', '2B', 954, 1107, 'F282', 'no';
652, 4, '', '2C', 1108, 1425, 'F279', 'no';
652, 5, '', '3AB', 1426, 1649, 'F284-F283', 'no';
652, 6, '', '3C (Cys-protease)', 1650, 1862, 'F280', 'no';
652, 7, '', '3D (polymerase)', 1863, 2332, 'F278', 'no';
