1, 'NP_112021.1', 'NC_002728', '13559809', 'N', '', 1, 532, 'Reference'
2, 'NP_112022.1', 'NC_002728', '13559810', 'P/V/C', '', 1, 709, 'Reference'
3, 'NP_112023.1', 'NC_002728', '13559816', 'P/V/C', '', 1, 456, 'Reference'
4, 'NP_112024.1', 'NC_002728', '13559812', 'P/V/C', '', 1, 166, 'Reference'
5, 'NP_112025.1', 'NC_002728', '13559811', 'M', '', 1, 352, 'Reference'
6, 'NP_112026.1', 'NC_002728', '13559813', 'F', '', 1, 546, 'Reference'
7, 'NP_112027.1', 'NC_002728', '13559814', 'G', '', 1, 602, 'Reference'
8, 'NP_112028.1', 'NC_002728', '13559815', 'L', '', 1, 2244, 'Reference'
9, 'NP_150057.1', 'NC_003043', '15081568', 'NP', '', 1, 465, 'Reference'
10, 'NP_150058.1', 'NC_003043', '15081569', 'P', '', 1, 430, 'Reference'
11, 'NP_150059.1', 'NC_003043', '15081570', 'M', '', 1, 366, 'Reference'
12, 'NP_150060.1', 'NC_003043', '15081571', 'F', '', 1, 555, 'Reference'
13, 'NP_150061.1', 'NC_003043', '15081572', 'SH', '', 1, 142, 'Reference'
14, 'NP_150062.1', 'NC_003043', '15081573', 'HN', '', 1, 613, 'Reference'
15, 'NP_150063.1', 'NC_003043', '15081574', 'L', '', 1, 2241, 'Reference'
16, 'NP_054690.1', 'NC_002199', '9634969', 'N', '', 1, 552, 'Reference'
17, 'NP_054691.1', 'NC_002199', '9634970', 'P/V/C', '', 1, 527, 'Reference'
18, 'NP_054692.1', 'NC_002199', '9634971', 'P/V/C', '', 1, 282, 'Reference'
19, 'NP_054693.1', 'NC_002199', '9634972', 'P/V/C', '', 1, 153, 'Reference'
20, 'NP_054694.1', 'NC_002199', '9634973', 'M', '', 1, 352, 'Reference'
21, 'NP_054695.1', 'NC_002199', '9634974', 'F', '', 1, 553, 'Reference'
22, 'NP_054696.1', 'NC_002199', '9634975', 'H', '', 1, 665, 'Reference'
23, 'NP_054697.1', 'NC_002199', '9634976', 'L', '', 1, 2270, 'Reference'
24, 'CAA45570.1', 'X64275', '433517', 'NP', '', 1, 543, 'Reference'
25, 'CAA45571.1', 'X64275', '433518', 'P', '', 1, 225, 'Reference'
26, 'CAA45566.1', 'X64275', '433519', 'M', '', 1, 382, 'Reference'
27, 'CAA45567.1', 'X64275', '433520', 'F', '', 1, 561, 'Reference'
28, 'CAA45568.1', 'X64275', '433521', 'HN', '', 1, 568, 'Reference'
29, 'CAA45569.1', 'X64275', '433522', 'L', '', 1, 2269, 'Reference'
30, 'AAC95511.1', 'AF052755', '2981086', 'NP', '', 1, 509, 'Reference'
31, 'AAC95513.1', 'AF052755', '2981088', 'V/P', '', 1, 392, 'Reference'
32, 'AAC95512.1', 'AF052755', '2981087', 'V/P', '', 1, 222, 'Reference'
33, 'AAC95514.1', 'AF052755', '2981089', 'M', '', 1, 377, 'Reference'
34, 'AAC95515.1', 'AF052755', '2981090', 'F', '', 1, 529, 'Reference'
35, 'AAC95516.1', 'AF052755', '2981091', 'SH', '', 1, 44, 'Reference'
36, 'AAC95517.1', 'AF052755', '2981092', 'HN', '', 1, 565, 'Reference'
37, 'AAC95518.1', 'AF052755', '2981093', 'L', '', 1, 2255, 'Reference'
38, 'AAL83738.1', 'AF345290', '19070169', 'NP', '', 1, 549, 'Reference'
39, 'AAL83740.1', 'AF345290', '19070171', 'P', '', 1, 391, 'Reference'
40, 'AAL83741.1', 'AF345290', '19070172', 'V', '', 1, 224, 'Reference'
41, 'AAL83739.1', 'AF345290', '19070170', 'I', '', 1, 171, 'Reference'
42, 'AAL83742.1', 'AF345290', '19070173', 'M', '', 1, 375, 'Reference'
43, 'AAL83743.1', 'AF345290', '19070174', 'F', '', 1, 538, 'Reference'
44, 'AAL83744.1', 'AF345290', '19070175', 'SH', '', 1, 57, 'Reference'
45, 'AAL83745.1', 'AF345290', '19070176', 'HN', '', 1, 582, 'Reference'
46, 'AAL83746.1', 'AF345290', '19070177', 'L', '', 1, 2261, 'Reference'
47, 'NP_054707.1', 'NC_002200', '9695416', 'NP', '', 1, 549, 'Reference'
48, 'NP_054708.1', 'NC_002200', '9695417', 'V/P', '', 1, 391, 'Reference'
49, 'NP_054709.1', 'NC_002200', '9695418', 'V/P', '', 1, 224, 'Reference'
50, 'NP_054710.1', 'NC_002200', '9695419', 'M', '', 1, 375, 'Reference'
51, 'NP_054711.1', 'NC_002200', '9695420', 'F', '', 1, 538, 'Reference'
52, 'NP_054712.1', 'NC_002200', '9695421', 'SH', '', 1, 57, 'Reference'
53, 'NP_054713.1', 'NC_002200', '9695422', 'NH', '', 1, 582, 'Reference'
54, 'NP_054714.1', 'NC_002200', '9695423', 'L', '', 1, 2261, 'Reference'
55, 'NP_598401.1', 'NC_003443', '19525722', 'NP', '', 1, 542, 'Reference'
56, 'NP_599019.1', 'NC_003443', '19526784', 'V', '', 1, 395, 'Reference'
57, 'NP_598402.1', 'NC_003443', '19525723', 'V', '', 1, 225, 'Reference'
58, 'NP_598403.1', 'NC_003443', '19525724', 'M', '', 1, 377, 'Reference'
59, 'NP_598404.1', 'NC_003443', '19525725', 'F', '', 1, 551, 'Reference'
60, 'NP_598405.1', 'NC_003443', '19525726', 'HN', '', 1, 571, 'Reference'
61, 'NP_598406.1', 'NC_003443', '19525727', 'L', '', 1, 2262, 'Reference'
62, 'NP_071466.1', 'NC_002617', '11545727', 'NP', '', 1, 489, 'Reference'
63, 'NP_071467.1', 'NC_002617', '11545728', 'P', '', 1, 395, 'Reference'
64, 'NP_071468.1', 'NC_002617', '11545726', 'M', '', 1, 364, 'Reference'
65, 'NP_071469.1', 'NC_002617', '11545723', 'F', '', 1, 553, 'Reference'
66, 'NP_071470.1', 'NC_002617', '11545724', 'HN', '', 1, 577, 'Reference'
67, 'NP_071471.1', 'NC_002617', '11545725', 'L', '', 1, 2204, 'Reference'
68, 'BAA01202.1', 'D10371', '222247', 'N', '', 392, 523, '97.7% identity'
69, 'BAA01203.1', 'D10371', '222248', 'P/V/C', '', 1, 507, 'Reference'
70, 'BAA01204.1', 'D10371', '222249', 'P/V/C', '', 1, 174, 'Reference'
71, 'BAA01205.1', 'D10371', '222250', 'M', '', 1, 335, 'Reference'
72, 'BAA01206.1', 'D10371', '222251', 'F', '', 1, 537, 'Reference'
73, 'BAA01207.1', 'D10371', '222252', 'H', '', 1, 607, 'Reference'
74, 'BAA01208.1', 'D10371', '222253', 'L', '', 1, 10, ''
75, 'NP_047201.1', 'NC_001921', '9630646', '', '', 1, 523, 'Reference'
76, 'NP_047202.1', 'NC_001921', '9630647', '', '', 1, 507, 'Reference'
77, 'NP_047203.1', 'NC_001921', '9630648', '', '', 1, 174, 'Reference'
78, 'NP_047204.1', 'NC_001921', '9630649', '', '', 1, 335, 'Reference'
79, 'NP_047205.1', 'NC_001921', '9630650', '', '', 1, 662, 'Reference'
80, 'NP_047206.1', 'NC_001921', '9630651', '', '', 1, 604, 'Reference'
81, 'NP_047207.1', 'NC_001921', '9630652', '', '', 1, 2184, 'Reference'
82, 'NP_047106.1', 'NC_001906', '9630558', 'N', '', 1, 532, 'Reference'
83, 'NP_047107.1', 'NC_001906', '9630559', 'P/V/C', '', 1, 707, 'Reference'
84, 'NP_047108.1', 'NC_001906', '9630560', 'P/V/C', '', 1, 457, 'Reference'
85, 'NP_047109.1', 'NC_001906', '9630561', 'P/V/C', '', 1, 166, 'Reference'
86, 'NP_047110.1', 'NC_001906', '9630562', 'M', '', 1, 352, 'Reference'
87, 'NP_047111.1', 'NC_001906', '9630563', 'F', '', 1, 546, 'Reference'
88, 'NP_047112.1', 'NC_001906', '9630564', 'G', '', 1, 604, 'Reference'
89, 'NP_047113.1', 'NC_001906', '9630565', 'L', '', 1, 2244, 'Reference'
90, 'NP_056918.1', 'NC_001498', '9626946', 'N', '', 1, 525, 'Reference'
91, 'NP_056919.1', 'NC_001498', '9626947', 'P', '', 1, 507, 'Reference'
92, 'NP_056920.1', 'NC_001498', '9626948', 'P', '', 1, 186, 'Reference'
93, 'NP_056921.1', 'NC_001498', '9626949', 'M', '', 1, 335, 'Reference'
94, 'NP_056922.1', 'NC_001498', '9626950', 'F', '', 1, 550, 'Reference'
95, 'NP_056923.1', 'NC_001498', '9626951', 'H', '', 1, 617, 'Reference'
96, 'NP_056924.1', 'NC_001498', '9626952', 'L', '', 1, 2183, 'Reference'
97, 'NP_056871.1', 'NC_001552', '9627220', 'NP', '', 1, 524, 'Reference'
98, 'NP_056872.1', 'NC_001552', '9627221', 'Cprim', '', 1, 215, 'Reference'
99, 'NP_056873.1', 'NC_001552', '9627222', 'P', '', 1, 568, 'Reference'
100, 'NP_056874.1', 'NC_001552', '9627223', 'C', '', 1, 204, 'Reference'
101, 'NP_056875.1', 'NC_001552', '9627224', 'Y1', '', 1, 181, 'Reference'
102, 'NP_056876.1', 'NC_001552', '9627225', 'M', '', 1, 348, 'Reference'
103, 'NP_056877.1', 'NC_001552', '9627226', 'F', '', 1, 565, 'Reference'
104, 'NP_056878.1', 'NC_001552', '9627227', 'HN', '', 1, 575, 'Reference'
105, 'NP_056879.1', 'NC_001552', '9627228', 'L', '', 1, 2228, 'Reference'
106, 'NP_604433', 'NC_003461', '19718364', 'N', '', 1, 524, 'Reference'
107, 'NP_604434.1', 'NC_003461', '19718365', 'Cprim', '', 1, 219, 'Reference'
108, 'NP_604435.1', 'NC_003461', '19718366', 'P', '', 1, 568, 'Reference'
109, 'NP_604436.1', 'NC_003461', '19718367', 'C', '', 1, 204, 'Reference'
110, 'NP_604437.1', 'NC_003461', '19718368', 'Y1', '', 1, 181, 'Reference'
111, 'NP_604438.1', 'NC_003461', '19718369', 'Y2', '', 1, 175, 'Reference'
112, 'NP_604439.1', 'NC_003461', '19718370', 'M', '', 1, 348, 'Reference'
113, 'NP_604440.1', 'NC_003461', '19718371', 'F', '', 1, 555, 'Reference'
114, 'NP_604441.1', 'NC_003461', '19718372', 'HN', '', 1, 575, 'Reference'
115, 'NP_604442.1', 'NC_003461', '19718373', 'L', '', 1, 2223, 'Reference'
116, 'NP_067148.1', 'NC_001796', '10937871', '', '', 1, 515, 'Reference'
117, 'NP_067149.1', 'NC_001796', '10937872', '', '', 1, 603, 'Reference'
118, 'NP_599250.1', 'NC_001796', '19551240', '', '', 1, 373, 'Reference'
119, 'NP_599251.1', 'NC_001796', '19551239', '', '', 1, 199, 'Reference'
120, 'NP_067150.1', 'NC_001796', '10937873', '', '', 1, 353, 'Reference'
121, 'NP_067151.1', 'NC_001796', '10937874', '', '', 1, 539, 'Reference'
122, 'NP_067152.1', 'NC_001796', '10937875', '', '', 1, 574, 'Reference'
123, 'NP_067153.1', 'NC_001796', '10937876', '', '', 1, 2258, 'Reference'
124, 'NP_037641.1', 'NC_002161', '9634110', '', '', 1, 515, 'Reference'
125, 'NP_037642.1', 'NC_002161', '9634111', '', '', 1, 596, 'Reference'
126, 'NP_037643.1', 'NC_002161', '9634112', '', '', 1, 351, 'Reference'
127, 'NP_037644.1', 'NC_002161', '9634113', '', '', 1, 540, 'Reference'
128, 'NP_037645.1', 'NC_002161', '9634114', '', '', 1, 572, 'Reference'
129, 'NP_037646.1', 'NC_002161', '9634115', '', '', 1, 2233, 'Reference'
617, 'NP_899659.1', 'NC_005084', '', 'F', '', 1, 545, 'Reference'
616, 'NP_899658.1', 'NC_005084', '', 'M', '', 1, 351, 'Reference'
615, 'NP_899657.1', 'NC_005084', '', 'V', '', 1, 227, 'Reference'
614, 'NP_899656.1', 'NC_005084', '', 'P', '', 1, 429, 'Reference'
613, 'NP_899655.1', 'NC_005084', '', 'X', '', 1, 167, 'Reference'
612, 'NP_899654.1', 'NC_005084', '', 'Np', '', 1, 471, 'Reference'
611, 'NP_859041.1', 'NC_004912', '', 'Pa', '', 1, 716, 'Reference'
610, 'NP_859040.1', 'NC_004911', '', 'Pb1', '', 1, 758, 'Reference'
609, 'NP_859039.1', 'NC_004910', '', 'Pb2', '', 1, 759, 'Reference'
140, 'NP_056856.1', 'NC_001781', '9629199', 'NS1', '', 1, 139, 'Reference'
141, 'NP_056857.1', 'NC_001781', '9629200', 'NS2', '', 1, 124, 'Reference'
142, 'NP_056858.1', 'NC_001781', '9629201', 'N', '', 1, 391, 'Reference'
143, 'NP_056859.1', 'NC_001781', '9629202', 'P', '', 1, 241, 'Reference'
144, 'NP_056860.1', 'NC_001781', '9629203', 'M', '', 1, 256, 'Reference'
145, 'NP_056861.1', 'NC_001781', '9629204', 'SH', '', 1, 65, 'Reference'
146, 'NP_056862.1', 'NC_001781', '9629205', 'G', '', 1, 299, 'Reference'
147, 'NP_056863.1', 'NC_001781', '9629206', 'F', '', 1, 574, 'Reference'
148, 'NP_056864.1', 'NC_001781', '9629207', 'M2', '', 1, 195, 'Reference'
149, 'NP_056865.1', 'NC_001781', '9629208', 'M2', '', 1, 90, 'Reference'
150, 'NP_056866.1', 'NC_001781', '9629209', 'L', '', 1, 2166, 'Reference'
151, 'NP_048048.1', 'NC_001989', '9631268', 'NS1', '', 1, 136, 'Reference'
152, 'NP_048049.1', 'NC_001989', '9631269', 'NS2', '', 1, 124, 'Reference'
153, 'NP_048050.1', 'NC_001989', '9631267', 'N', '', 1, 391, 'Reference'
154, 'NP_048051.1', 'NC_001989', '9631271', 'P', '', 1, 241, 'Reference'
155, 'NP_048052.1', 'NC_001989', '9631272', 'M', '', 1, 256, 'Reference'
156, 'NP_048053.1', 'NC_001989', '9631273', 'SH', '', 1, 81, 'Reference'
157, 'NP_048054.1', 'NC_001989', '9631274', 'G', '', 1, 257, 'Reference'
158, 'NP_048055.1', 'NC_001989', '9631275', 'F', '', 1, 574, 'Reference'
159, 'NP_048056.1', 'NC_001989', '9631276', 'M2', '', 1, 186, 'Reference'
160, 'NP_048057.1', 'NC_001989', '9631277', 'M2', '', 1, 90, 'Reference'
161, 'NP_048058.1', 'NC_001989', '9631278', 'L', '', 1, 2162, 'Reference'
162, 'NP_044589.1', 'NC_001803', '9629368', 'NS1', '', 1, 139, 'Reference'
163, 'NP_044590.1', 'NC_001803', '9629369', 'NS2', '', 1, 124, 'Reference'
164, 'NP_044591.1', 'NC_001803', '9629370', 'N', '', 1, 391, 'Reference'
165, 'NP_044592.1', 'NC_001803', '9629371', 'P', '', 1, 241, 'Reference'
166, 'NP_044593.1', 'NC_001803', '9629372', 'M', '', 1, 256, 'Reference'
167, 'NP_044594.1', 'NC_001803', '9629373', 'SH', '', 1, 64, 'Reference'
168, 'NP_044595.1', 'NC_001803', '9629374', 'G', '', 1, 298, 'Reference'
169, 'NP_044596.1', 'NC_001803', '9629375', 'F', '', 1, 574, 'Reference'
170, 'NP_044597.1', 'NC_001803', '9629376', 'M2', '', 1, 194, 'Reference'
171, 'NP_044598.1', 'NC_001803', '9629377', 'L', '', 1, 2165, 'Reference'
172, 'NP_066243.1', 'NC_002549', '10314000', 'NP', '', 1, 739, 'Reference'
173, 'NP_066244.1', 'NC_002549', '10313992', 'VP35', '', 1, 340, 'Reference'
174, 'NP_066245.1', 'NC_002549', '10313993', 'VP40', '', 1, 326, 'Reference'
175, 'NP_066246.1', 'NC_002549', '10313995', 'GP', '', 1, 676, 'Reference'
176, 'NP_066247.1', 'NC_002549', '10313994', 'GP', '', 1, 364, 'Reference'
177, 'NP_066248.1', 'NC_002549', '10313996', 'GP', '', 1, 297, 'Reference'
178, 'NP_066249.1', 'NC_002549', '10313997', 'VP30', '', 1, 288, 'Reference'
179, 'NP_066250.1', 'NC_002549', '10313998', 'VP24', '', 1, 251, 'Reference'
180, 'NP_066251.1', 'NC_002549', '10313999', 'L', '', 1, 2212, 'Reference'
181, 'NP_042025.1', 'NC_001608', '13489276', 'NP', '', 1, 695, 'Reference'
182, 'NP_042026.1', 'NC_001608', '13489277', 'VP35', '', 1, 329, 'Reference'
183, 'NP_042027.1', 'NC_001608', '13489278', 'VP40', '', 1, 303, 'Reference'
184, 'NP_042028.1', 'NC_001608', '13489279', 'GP', '', 1, 681, 'Reference'
185, 'NP_042029.1', 'NC_001608', '13489280', 'VP30', '', 1, 281, 'Reference'
186, 'NP_042030.1', 'NC_001608', '13489281', 'VP24', '', 1, 253, 'Reference'
187, 'NP_042031.1', 'NC_001608', '13489282', 'L', '', 1, 2331, 'Reference'
349, 'NP_040822.1', 'NC_001449', '', 'Ns', '', 1, 2493, 'Reference'
350, 'NP_040823', 'NC_001449', '', 'Ns', '', 1, 1879, 'Reference'
190, 'NP_041712.1', 'NC_001560', '9627230', '', '', 1, 422, 'Reference'
191, 'NP_041713.1', 'NC_001560', '9627231', '', '', 1, 265, 'Reference'
192, 'NP_041714.1', 'NC_001560', '9627232', '', '', 1, 229, 'Reference'
194, 'NP_041716.1', 'NC_001560', '9627234', '', '', 1, 2109, 'Reference'
195, 'NP_116744.1', 'NC_002803', '14336455', 'N', '', 1, 418, 'Reference'
196, 'NP_116745.1', 'NC_002803', '14336456', 'P', '', 1, 309, 'Reference'
197, 'NP_116746.1', 'NC_002803', '14336457', 'M', '', 1, 223, 'Reference'
198, 'NP_116747.1', 'NC_002803', '14336458', 'G', '', 1, 509, 'Reference'
199, 'NP_116748.1', 'NC_002803', '14336459', 'L', '', 1, 2095, 'Reference'
200, 'NP_056793.1', 'NC_001542', '9627198', '', '', 1, 450, 'Reference'
201, 'NP_056794.1', 'NC_001542', '9627199', '', '', 1, 297, 'Reference'
202, 'NP_056795.1', 'NC_001542', '9627200', '', '', 1, 202, 'Reference'
203, 'NP_056796.1', 'NC_001542', '9627201', '', '', 1, 524, 'Reference'
204, 'NP_056797.1', 'NC_001542', '9627202', '', '', 1, 2142, 'Reference'
205, 'NP_478339.1', 'NC_003243', '17158069', 'N', '', 1, 450, 'Reference'
206, 'NP_478340.1', 'NC_003243', '17158070', 'P', '', 1, 297, 'Reference'
207, 'NP_478341.1', 'NC_003243', '17158071', 'M', '', 1, 212, 'Reference'
208, 'NP_478342.1', 'NC_003243', '17158072', 'G', '', 1, 525, 'Reference'
209, 'NP_478343.1', 'NC_003243', '17158073', 'L', '', 1, 2128, 'Reference'
210, 'NP_065398.1', 'NC_002526', '10086562', 'N', '', 1, 431, 'Reference'
211, 'NP_065399.1', 'NC_002526', '10086563', 'P', '', 1, 278, 'Reference'
212, 'NP_065400.1', 'NC_002526', '10086564', 'P', '', 1, 48, 'Reference'
213, 'NP_065401.1', 'NC_002526', '10086565', 'M', '', 1, 223, 'Reference'
214, 'NP_065402.1', 'NC_002526', '10086566', 'G', '', 1, 623, 'Reference'
215, 'NP_065403.1', 'NC_002526', '10086567', 'GNS', '', 1, 586, 'Reference'
216, 'NP_065404.1', 'NC_002526', '10086568', 'alpha', '', 1, 88, 'Reference'
217, 'NP_065405.1', 'NC_002526', '10086569', 'alpha', '', 1, 116, 'Reference'
218, 'NP_065406.1', 'NC_002526', '10086570', 'alpha', '', 1, 51, 'Reference'
219, 'NP_065407.1', 'NC_002526', '10086571', 'beta', '', 1, 107, 'Reference'
220, 'NP_065408.1', 'NC_002526', '10086572', 'gamma', '', 1, 114, 'Reference'
221, 'NP_065409.1', 'NC_002526', '10086573', 'L', '', 1, 2144, 'Reference'
222, 'NP_049545.1', 'NC_000855', '9632551', 'N', '', 1, 404, 'Reference'
223, 'NP_049546.1', 'NC_000855', '9632552', 'P', '', 1, 222, 'Reference'
224, 'NP_049547.1', 'NC_000855', '9632553', 'M', '', 1, 201, 'Reference'
225, 'NP_049548.1', 'NC_000855', '9632554', 'G', '', 1, 507, 'Reference'
226, 'NP_049549.1', 'NC_000855', '9632555', 'NV', '', 1, 122, 'Reference'
227, 'NP_049550.1', 'NC_000855', '9632556', 'L', '', 1, 1984, 'Reference'
228, 'NP_050580.1', 'NC_000903', '9633478', 'N', '', 1, 399, 'Reference'
229, 'NP_050581.1', 'NC_000903', '9633479', 'P', '', 1, 220, 'Reference'
230, 'NP_050582.1', 'NC_000903', '9633480', 'M', '', 1, 189, 'Reference'
231, 'NP_050583.1', 'NC_000903', '9633481', 'G', '', 1, 512, 'Reference'
232, 'NP_050584.1', 'NC_000903', '9633482', 'NV', '', 1, 122, 'Reference'
233, 'NP_050585.1', 'NC_000903', '9633483', 'L', '', 1, 1983, 'Reference'
234, 'NP_042676.1', 'NC_001652', '9628083', 'N gene', '', 1, 391, 'Reference'
235, 'NP_042677.1', 'NC_001652', '9628084', 'P(M1)', '', 1, 230, 'Reference'
236, 'NP_042678.1', 'NC_001652', '9628085', 'M2', '', 1, 195, 'Reference'
237, 'NP_042679.1', 'NC_001652', '9628086', 'G', '', 1, 508, 'Reference'
238, 'NP_042680.1', 'NC_001652', '9628087', 'NV', '', 1, 111, 'Reference'
239, 'NP_042681.1', 'NC_001652', '9628088', 'L', '', 1, 1986, 'Reference'
240, 'NP_042020.1', 'NC_001607', '9627494', '', '', 1, 370, 'Reference'
241, 'NP_042021.1', 'NC_001607', '9627495', '', '', 1, 201, 'Reference'
242, 'NP_042022.1', 'NC_001607', '9627496', '', '', 1, 142, 'Reference'
243, 'NP_042023.1', 'NC_001607', '9627497', '', '', 1, 503, 'Reference'
244, 'NP_042024.1', 'NC_001607', '9627498', '', '', 1, 1608, 'Reference'
245, 'NP_042281.1', 'NC_001615', '9627722', 'N', '', 1, 475, 'Reference'
246, 'NP_042282.1', 'NC_001615', '9627723', 'M2', '', 1, 345, 'Reference'
247, 'NP_042283.1', 'NC_001615', '9627724', 'sc4', '', 1, 324, 'Reference'
248, 'NP_042284.1', 'NC_001615', '9627725', 'M1', '', 1, 286, 'Reference'
249, 'NP_042285.1', 'NC_001615', '9627726', 'G', '', 1, 632, 'Reference'
250, 'NP_042286.1', 'NC_001615', '9627727', 'L', '', 1, 2116, 'Reference'
251, 'NP_057954.1', 'NC_002251', '9635148', 'N', '', 1, 431, 'Reference'
252, 'NP_057955.1', 'NC_002251', '9635149', 'P', '', 1, 286, 'Reference'
253, 'NP_057956.1', 'NC_002251', '9635150', '3', '', 1, 172, 'Reference'
254, 'NP_057957.1', 'NC_002251', '9635151', '4', '', 1, 114, 'Reference'
255, 'NP_057958.1', 'NC_002251', '9635152', '5', '', 1, 125, 'Reference'
256, 'NP_057959.1', 'NC_002251', '9635153', '6', '', 1, 122, 'Reference'
257, 'NP_057960.1', 'NC_002251', '9635154', 'M', '', 1, 174, 'Reference'
258, 'NP_057961.1', 'NC_002251', '9635155', 'G', '', 1, 483, 'Reference'
259, 'NP_597914.1', 'NC_002251', '19343434', 'L', '', 1, 2058, 'Reference'
193, 'NP_041715.1', 'NC_001560', '9627233', '', '', 1, 511, 'Reference'
278, 'NP_040980.1', 'NC_002017', '', '', '', 1, 566, 'Reference'
277, 'NP_047211.1', 'NC_001925', '', '', '', 1, 2238, 'Reference'
276, 'NP_620767.1', 'NC_003841', '', '', '', 1, 1121, 'Reference'
275, 'NP_620766.1', 'NC_003841', '', 'Nsm', '', 1, 312, 'Reference'
274, 'NP_660179.1', 'NC_004052', '', 'Pol4', '', 1, 783, 'Reference'
272, 'NP_660181.1', 'NC_004054', '', 'Pol6', '', 1, 695, 'Reference'
273, 'NP_660180.1', 'NC_004053', '', 'Pol5', '', 1, 729, 'Reference'
268, 'NP_056776.1', 'NC_001474', '', '', '', 1, 3388, 'Reference'
279, 'NP_619702.1', 'NC_003620', '', 'Nsm', '', 1, 307, 'Reference'
280, 'NP_619703.1', 'NC_003620', '', 'Gpp', '', 1, 1121, 'Reference'
281, 'NP_660176.1', 'NC_004049', '', '', '', 1, 718, 'Reference'
282, 'NP_047212.1', 'NC_001926', '', '', '', 1, 1433, 'Reference'
283, 'NP_660178.1', 'NC_004051', '', '', '', 1, 829, 'Reference'
284, 'NP_660177.1', 'NC_004050', '', '', '', 1, 941, 'Reference'
285, 'NP_660174.1', 'NC_004046', '', '', '', 1, 809, 'Reference'
286, 'NP_620770.1', 'NC_003843', '', '', '', 1, 439, 'Reference'
287, 'NP_620771.1', 'NC_003843', '', '', '', 1, 275, 'Reference'
288, 'NP_620752.1', 'NC_003832', '', 'L', '', 1, 2878, 'Reference'
289, 'NP_620547.1', 'NC_003776', '', 'Orf1', '', 1, 211, 'Reference'
290, 'NP_620548.1', 'NC_003776', '', 'Orf2', '', 1, 322, 'Reference'
291, 'NP_620522.1', 'NC_003755', '', '', '', 1, 2919, 'Reference'
292, 'NP_620520.1', 'NC_003754', '', '', '', 1, 199, 'Reference'
293, 'NP_620521.1', 'NC_003754', '', '', '', 1, 834, 'Reference'
294, 'NP_620518.1', 'NC_003753', '', '', '', 1, 178, 'Reference'
295, 'NP_620519.1', 'NC_003753', '', '', '', 1, 286, 'Reference'
296, 'NP_620496.1', 'NC_003746', '', 'N', '', 1, 521, 'Reference'
297, 'NP_620497.1', 'NC_003746', '', '2', '', 1, 322, 'Reference'
298, 'NP_620498.1', 'NC_003746', '', '3', '', 1, 294, 'Reference'
299, 'NP_620499.1', 'NC_003746', '', 'M', '', 1, 262, 'Reference'
300, 'NP_620500.1', 'NC_003746', '', 'G', '', 1, 669, 'Reference'
301, 'NP_620501.1', 'NC_003746', '', '6', '', 1, 93, 'Reference'
302, 'NP_620502.1', 'NC_003746', '', 'L', '', 1, 1967, 'Reference'
303, 'NP_619710.1', 'NC_003625', '', '', '', 1, 2865, 'Reference'
304, 'NP_619708.1', 'NC_003624', '', '', '', 1, 449, 'Reference'
305, 'NP_619709.1', 'NC_003624', '', '', '', 1, 262, 'Reference'
306, 'NP_619700.1', 'NC_003619', '', '', '', 1, 439, 'Reference'
307, 'NP_619701.1', 'NC_003619', '', '', '', 1, 276, 'Reference'
130, 'NP_619690.1', 'NC_003616', '', '', '', 1, 303, 'Reference'
131, 'NP_619691.1', 'NC_003616', '', '', '', 1, 1110, 'Reference'
132, 'NP_619688.1', 'NC_003614', '', 'L', '', 1, 2877, 'Reference'
133, 'NP_604473.1', 'NC_003468', '', '', '', 1, 2153, 'Reference'
134, 'NP_604472.1', 'NC_003467', '', '', '', 1, 1138, 'Reference'
136, 'NP_058537.1', 'NC_002328', '', '', '', 1, 179, 'Reference'
137, 'NP_058538.1', 'NC_002328', '', '', '', 1, 325, 'Reference'
138, 'NP_058535.1', 'NC_002327', '', '', '', 1, 191, 'Reference'
139, 'NP_058536.1', 'NC_002327', '', '', '', 1, 325, 'Reference'
261, 'NP_058534.1', 'NC_002326', '', 'P4vc', '', 1, 525, 'Reference'
260, 'NP_058533.1', 'NC_002326', '', 'P4v', '', 1, 165, 'Reference'
262, 'NP_058531.1', 'NC_002325', '', 'P3v', '', 1, 195, 'Reference'
263, 'NP_058532.1', 'NC_002325', '', 'P3vc', '', 1, 272, 'Reference'
264, 'NP_058529.1', 'NC_002324', '', 'P2v', '', 1, 200, 'Reference'
265, 'NP_058530.1', 'NC_002324', '', 'P2vc', '', 1, 822, 'Reference'
266, 'NP_058527.1', 'NC_002323', '', '', '', 1, 166, 'Reference'
308, 'NP_056665.1', 'NC_002211', '', '', '', 1, 122, 'Reference'
309, 'NP_056666.1', 'NC_002211', '', '', '', 1, 281, 'Reference'
310, 'NP_056664.1', 'NC_002210', '', '', '', 1, 248, 'Reference'
311, 'NP_056662.1', 'NC_002209', '', '', '', 1, 100, 'Reference'
312, 'NP_056663.1', 'NC_002209', '', '', '', 1, 466, 'Reference'
313, 'NP_056661.1', 'NC_002208', '', '', '', 1, 560, 'Reference'
314, 'NP_056660.1', 'NC_002207', '', '', '', 1, 584, 'Reference'
315, 'NP_056659.1', 'NC_002206', '', 'Pa', '', 1, 726, 'Reference'
316, 'NP_056658.1', 'NC_002205', '', 'Pb2', '', 1, 770, 'Reference'
317, 'NP_056657.1', 'NC_002204', '', '', '', 1, 752, 'Reference'
318, 'NP_049362.1', 'NC_002052', '', '', '', 1, 2875, 'Reference'
319, 'NP_049360.1', 'NC_002051', '', '', '', 1, 464, 'Reference'
320, 'NP_049361.1', 'NC_002051', '', '', '', 1, 258, 'Reference'
321, 'NP_049359.1', 'NC_002050', '', 'Glycoprotein precursor, g1, g2', '', 1, 1135, 'Reference'
322, 'NP_049343.1', 'NC_002045', '', '', '', 1, 265, 'Reference'
323, 'NP_049344.1', 'NC_002045', '', '', '', 1, 245, 'Reference'
324, 'NP_049342.1', 'NC_002044', '', '', '', 1, 1206, 'Reference'
325, 'NP_049341.1', 'NC_002043', '', 'L rna segment', '', 1, 2149, 'Reference'
326, 'NP_040987.1', 'NC_002023', '', '', '', 1, 759, 'Reference'
327, 'NP_040986.1', 'NC_002022', '', '', '', 1, 716, 'Reference'
328, 'NP_040985.1', 'NC_002021', '', '', '', 1, 757, 'Reference'
329, 'NP_040983.1', 'NC_002020', '', '', '', 1, 121, 'Reference'
330, 'NP_040984.1', 'NC_002020', '', '', '', 1, 230, 'Reference'
331, 'NP_040982.1', 'NC_002019', '', '', '', 1, 498, 'Reference'
332, 'NP_040981.1', 'NC_002018', '', '', '', 1, 454, 'Reference'
333, 'NP_040978.1', 'NC_002016', '', '', '', 1, 252, 'Reference'
334, 'NP_040979.1', 'NC_002016', '', '', '', 1, 96, 'Reference'
335, 'NP_047213.1', 'NC_001927', '', '', '', 1, 233, 'Reference'
336, 'NP_047214.1', 'NC_001927', '', '', '', 1, 101, 'Reference'
337, 'NP_665864.1', 'NC_004074', '', 'N', '', 1, 519, 'Reference'
338, 'NP_665865.1', 'NC_004074', '', 'P/v', '', 1, 385, 'Reference'
339, 'NP_665866.1', 'NC_004074', '', 'P/v', '', 1, 228, 'Reference'
340, 'NP_665867.1', 'NC_004074', '', 'P/v', '', 1, 211, 'Reference'
341, 'NP_665868.1', 'NC_004074', '', 'M', '', 1, 373, 'Reference'
342, 'NP_665869.1', 'NC_004074', '', 'F', '', 1, 538, 'Reference'
343, 'NP_665870.1', 'NC_004074', '', 'Hn', '', 1, 593, 'Reference'
344, 'NP_665871.1', 'NC_004074', '', 'L', '', 1, 2271, 'Reference'
135, 'NP_604471.1', 'NC_003466', '', '', '', 1, 428, 'Reference'
345, 'NP_041724.2', 'NC_001563', '', '', '', 1, 3430, 'Reference'
267, 'NP_058528.1', 'NC_002323', '', '', '', 1, 2925, 'Reference'
607, 'NP_859037.1', 'NC_004908', '', 'Ha', '', 1, 560, 'Reference'
608, 'NP_859038.1', 'NC_004909', '', 'Na', '', 1, 467, 'Reference'
605, 'NP_859035.1', 'NC_004907', '', 'M2', '', 1, 97, 'Reference'
606, 'NP_859036.1', 'NC_004907', '', 'M1', '', 1, 252, 'Reference'
604, 'NP_859034.1', 'NC_004906', '', 'Ns', '', 1, 230, 'Reference'
603, 'NP_859033.1', 'NC_004906', '', 'Ns', '', 1, 121, 'Reference'
602, 'NP_859032.1', 'NC_004905', '', 'Np', '', 1, 498, 'Reference'
346, 'AAF85695.1', 'AF266290', '', 'M', '', 1, 335, 'Reference'
347, 'AAF85696.1', 'AF266290', '', 'F', '', 1, 553, 'Reference'
348, 'AAF85697.1', 'AF266290', '', 'H', '', 1, 617, 'Reference'
380, 'NP_937952.1', 'NC_005147', '', 'Ns3', '', 1, 84, 'Reference'
381, 'NP_937953.1', 'NC_005147', '', 'M', '', 1, 230, 'Reference'
382, 'NP_937954.1', 'NC_005147', '', 'N', '', 1, 448, 'Reference'
353, 'AAF85698.1', 'AF266290', '', 'L', '', 1, 2183, 'Reference'
383, 'NP_937955.1', 'NC_005147', '', 'N2', '', 1, 115, 'Reference'
373, 'NP_958054.1', 'NC_005339', '', 'G', '', 1, 632, 'Reference'
374, 'NP_958055.1', 'NC_005339', '', 'L', '', 1, 2205, 'Reference'
361, 'NP_945025.1', 'NC_005283', '', 'P/v/c', '', 1, 506, 'Reference'
375, 'NP_937947.1', 'NC_005147', '', '', '', 1, 7095, 'Reference'
376, 'NP_937948.1', 'NC_005147', '', 'Ns2a', '', 1, 278, 'Reference'
377, 'NP_937949.1', 'NC_005147', '', 'He', '', 1, 424, 'Reference'
378, 'NP_937950.1', 'NC_005147', '', 'S', '', 1, 1361, 'Reference'
354, 'NP_919030.1', 'NC_005093', '', 'N', '', 1, 392, 'Reference'
355, 'NP_919031.1', 'NC_005093', '', 'M1', '', 1, 227, 'Reference'
356, 'NP_919032.1', 'NC_005093', '', 'M2', '', 1, 193, 'Reference'
357, 'NP_919033.1', 'NC_005093', '', 'G', '', 1, 508, 'Reference'
358, 'NP_919034.1', 'NC_005093', '', 'Nv', '', 1, 111, 'Reference'
359, 'NP_919035.1', 'NC_005093', '', 'L', '', 1, 1986, 'Reference'
360, 'NP_945024.1', 'NC_005283', '', 'N', '', 1, 523, 'Reference'
372, 'NP_958053.1', 'NC_005339', '', 'F', '', 1, 552, 'Reference'
362, 'NP_945026.1', 'NC_005283', '', 'P/v/c', '', 1, 177, 'Reference'
363, 'NP_945027.1', 'NC_005283', '', 'M', '', 1, 335, 'Reference'
364, 'NP_945028.1', 'NC_005283', '', 'F', '', 1, 552, 'Reference'
365, 'NP_945029.1', 'NC_005283', '', 'H', '', 1, 604, 'Reference'
366, 'NP_945030.1', 'NC_005283', '', 'L', '', 1, 2183, 'Reference'
367, 'NP_958048.1', 'NC_005339', '', 'N', '', 1, 528, 'Reference'
368, 'NP_958049.1', 'NC_005339', '', 'P/v/c', '', 1, 542, 'Reference'
369, 'NP_958050.1', 'NC_005339', '', 'P/v/c', '', 1, 295, 'Reference'
370, 'NP_958051.1', 'NC_005339', '', 'P/v/c', '', 1, 152, 'Reference'
371, 'NP_958052.1', 'NC_005339', '', 'M', '', 1, 340, 'Reference'
388, 'AAF85691.1', 'AF266290', '', 'N', '', 1, 525, 'Reference'
379, 'NP_937951.1', 'NC_005147', '', 'Ns2', '', 1, 109, 'Reference'
390, 'AAF85692.1', 'AF266290', '', 'P', '', 1, 507, 'Reference'
392, 'AAF85693.2', 'AF266290', '', 'P', '', 1, 299, 'Reference'
393, 'AAF85694.1', 'AF266290', '', 'P', '', 1, 186, 'Reference'
394, 'NP_690580.1', 'NC_004161', '', 'Np', '', 1, 739, 'Reference'
395, 'NP_690581.1', 'NC_004161', '', 'Vp35', '', 1, 329, 'Reference'
396, 'NP_690582.1', 'NC_004161', '', 'Vp40', '', 1, 331, 'Reference'
397, 'NP_690583.1', 'NC_004161', '', 'Gp', '', 1, 677, 'Reference'
398, 'NP_690584.1', 'NC_004161', '', 'Sgp', '', 1, 367, 'Reference'
399, 'NP_690585.1', 'NC_004161', '', 'Vp30', '', 1, 287, 'Reference'
400, 'NP_690586.1', 'NC_004161', '', 'Vp24', '', 1, 251, 'Reference'
401, 'NP_690587.1', 'NC_004161', '', 'L', '', 1, 2212, 'Reference'
402, 'NP_671968.1', 'NC_004108', '', 'Pol', '', 1, 2263, 'Reference'
403, 'NP_671969.1', 'NC_004109', '', 'M', '', 1, 1441, 'Reference'
404, 'NP_671970.1', 'NC_004110', '', 'N', '', 1, 235, 'Reference'
405, 'NP_671971.1', 'NC_004110', '', 'Nss', '', 1, 92, 'Reference'
406, 'NP_690063.1', 'NC_004148', '', 'N', '', 1, 394, 'Reference'
407, 'NP_690064.1', 'NC_004148', '', 'P', '', 1, 294, 'Reference'
408, 'NP_690065.1', 'NC_004148', '', 'M', '', 1, 254, 'Reference'
409, 'NP_690066.1', 'NC_004148', '', 'F', '', 1, 539, 'Reference'
410, 'NP_690067.1', 'NC_004148', '', 'M2', '', 1, 187, 'Reference'
411, 'NP_690068.1', 'NC_004148', '', 'M2', '', 1, 71, 'Reference'
412, 'NP_690069.1', 'NC_004148', '', 'Sh', '', 1, 183, 'Reference'
413, 'NP_690070.1', 'NC_004148', '', 'G', '', 1, 236, 'Reference'
414, 'NP_690071.1', 'NC_004148', '', 'L', '', 1, 2005, 'Reference'
415, 'NP_690574.1', 'NC_004157', '', '', '', 1, 483, 'Reference'
416, 'NP_690575.1', 'NC_004158', '', '', '', 1, 1551, 'Reference'
417, 'NP_690576.1', 'NC_004159', '', '', '', 1, 4036, 'Reference'
418, 'NP_694845.1', 'NC_004291', '', '', '', 1, 2210, 'Reference'
419, 'NP_694846.1', 'NC_004291', '', '', '', 1, 95, 'Reference'
420, 'NP_694847.1', 'NC_004292', '', '', '', 1, 95, 'Reference'
421, 'NP_694848.1', 'NC_004292', '', '', '', 1, 2210, 'Reference'
422, 'NP_694849.1', 'NC_004293', '', '', '', 1, 495, 'Reference'
423, 'NP_694850.1', 'NC_004293', '', '', '', 1, 570, 'Reference'
424, 'NP_694851.1', 'NC_004294', '', '', '', 1, 498, 'Reference'
425, 'NP_694852.1', 'NC_004294', '', '', '', 1, 558, 'Reference'
426, 'NP_694869.1', 'NC_004296', '', '', '', 1, 569, 'Reference'
427, 'NP_694870.1', 'NC_004296', '', '', '', 1, 491, 'Reference'
428, 'NP_694871.1', 'NC_004297', '', '', '', 1, 99, 'Reference'
429, 'NP_694872.1', 'NC_004297', '', '', '', 1, 2218, 'Reference'
430, 'NP_775529.1', 'NC_004518', '', '', '', 1, 759, 'Reference'
431, 'NP_775530.1', 'NC_004519', '', '', '', 1, 757, 'Reference'
432, 'NP_775531.1', 'NC_004520', '', '', '', 1, 716, 'Reference'
433, 'NP_775532.1', 'NC_004521', '', '', '', 1, 565, 'Reference'
434, 'NP_775533.1', 'NC_004522', '', '', '', 1, 498, 'Reference'
435, 'NP_775534.1', 'NC_004523', '', '', '', 1, 454, 'Reference'
436, 'NP_775535.1', 'NC_004524', '', '', '', 1, 97, 'Reference'
437, 'NP_775536.1', 'NC_004524', '', '', '', 1, 252, 'Reference'
438, 'NP_775537.1', 'NC_004525', '', '', '', 1, 121, 'Reference'
439, 'NP_775538.1', 'NC_004525', '', '', '', 1, 230, 'Reference'
440, 'NP_828849.1', 'NC_004718', '', 'sars1', '', 1, 7073, 'Reference'
601, 'NP_848691.1', 'NC_004798', '', '', '', 1, 281, 'Reference'
600, 'NP_848690.1', 'NC_004797', '', '', '', 1, 109, 'Reference'
598, 'NP_848688.1', 'NC_004796', '', '', '', 1, 466, 'Reference'
599, 'NP_848689.1', 'NC_004797', '', '', '', 1, 248, 'Reference'
597, 'NP_848687.1', 'NC_004796', '', '', '', 1, 100, 'Reference'
595, 'NP_848685.1', 'NC_004794', '', '', '', 1, 584, 'Reference'
596, 'NP_848686.1', 'NC_004795', '', '', '', 1, 560, 'Reference'
594, 'NP_848684.1', 'NC_004793', '', '', '', 1, 726, 'Reference'
592, 'NP_848682.1', 'NC_004791', '', '', '', 1, 752, 'Reference'
593, 'NP_848683.1', 'NC_004792', '', '', '', 1, 770, 'Reference'
441, 'NP_828850.1', 'NC_004718', '', 'sars1', '', 1, 4382, 'Reference'
442, 'NP_828851.1', 'NC_004718', '', 'sars2', '', 1, 1255, 'Reference'
443, 'NP_828852.1', 'NC_004718', '', 'sars3a', '', 1, 274, 'Reference'
444, 'NP_828853.1', 'NC_004718', '', 'sars3b', '', 1, 154, 'Reference'
445, 'NP_828854.1', 'NC_004718', '', 'sars4', '', 1, 76, 'Reference'
446, 'NP_828855.1', 'NC_004718', '', 'sars5', '', 1, 221, 'Reference'
447, 'NP_828856.1', 'NC_004718', '', 'sars6', '', 1, 63, 'Reference'
448, 'NP_828857.1', 'NC_004718', '', 'sars7a', '', 1, 122, 'Reference'
449, 'NP_828858.1', 'NC_004718', '', 'sars9a', '', 1, 422, 'Reference'
450, 'NP_828859.1', 'NC_004718', '', 'sars9b', '', 1, 98, 'Reference'
591, 'NP_848681.1', 'NC_004790', '', '', '', 1, 281, 'Reference'
589, 'NP_848679.1', 'NC_004789', '', '', '', 1, 100, 'Reference'
590, 'NP_848680.1', 'NC_004789', '', '', '', 1, 466, 'Reference'
588, 'NP_848678.1', 'NC_004788', '', '', '', 1, 560, 'Reference'
586, 'NP_848676.1', 'NC_004786', '', '', '', 1, 726, 'Reference'
587, 'NP_848677.1', 'NC_004787', '', '', '', 1, 584, 'Reference'
585, 'NP_848675.1', 'NC_004785', '', '', '', 1, 770, 'Reference'
583, 'NP_848673.1', 'NC_004783', '', '', '', 1, 109, 'Reference'
584, 'NP_848674.1', 'NC_004784', '', '', '', 1, 752, 'Reference'
582, 'NP_848672.1', 'NC_004783', '', '', '', 1, 248, 'Reference'
532, 'NP_620053.1', 'NC_003678', '', '', '', 1, 3989, 'Reference'
531, 'NP_620051.1', 'NC_003677', '', '', '', 1, 3895, 'Reference'
530, 'NP_620045.1', 'NC_003676', '', '', '', 1, 3371, 'Reference'
529, 'NP_722551.1', 'NC_004355', '', '', '', 1, 3416, 'Reference'
528, 'NP_620044.1', 'NC_003675', '', '', '', 1, 3379, 'Reference'
527, 'NP_689391.1', 'NC_004119', '', '', '', 1, 3374, 'Reference'
526, 'NP_619758.1', 'NC_003635', '', '', '', 1, 3374, 'Reference'
525, 'NP_045010.1', 'NC_001837', '', '', '', 1, 2967, 'Reference'
524, 'NP_658908.1', 'NC_003996', '', '', '', 1, 3350, 'Reference'
523, 'NP_476520.1', 'NC_003218', '', '', '', 1, 3415, 'Reference'
522, 'NP_044677.1', 'NC_001809', '', 'M', '', 1, 3414, 'Reference'
521, 'NP_620108.1', 'NC_003690', '', '', '', 1, 3414, 'Reference'
520, 'NP_075354.1', 'NC_002657', '', '', '', 1, 3898, 'Reference'
519, 'NP_043570.1', 'NC_001710', '', '', '', 1, 2873, 'Reference'
518, 'NP_620099.1', 'NC_003687', '', '', '', 1, 3415, 'Reference'
514, 'NP_044731.1', 'NC_002032', '', '', '', 1, 3897, 'Reference'
515, 'NP_620062.1', 'NC_003679', '', '', '', 1, 3895, 'Reference'
516, 'NP_043135.1', 'NC_001672', '', '', '', 1, 3414, 'Reference'
517, 'NP_059446.1', 'NC_002348', '', '', '', 1, 2843, 'Reference'
513, 'NP_056931.1', 'NC_001655', '', '', '', 1, 2864, 'Reference'
512, 'NP_041726.1', 'NC_002031', '', '', '', 1, 3411, 'Reference'
511, 'NP_041725.1', 'NC_001564', '', 'Cfa', '', 1, 3341, 'Reference'
510, 'NP_040937.1', 'NC_001461', '', '', '', 1, 3988, 'Reference'
509, 'NP_059434.1', 'NC_001437', '', '', '', 1, 3432, 'Reference'
508, 'NP_051124.1', 'NC_000943', '', '', '', 1, 3434, 'Reference'
507, 'NP_803170.1', 'NC_004102', '28921567', '', '', 1, 161, 'Reference'
506, 'NP_671491.1', 'NC_004102', '', '', '', 1, 3011, 'Reference'
505, 'NP_150084.1', 'NC_003045', '', 'N', '', 1, 207, 'Reference'
504, 'NP_150083.1', 'NC_003045', '', 'N', '', 1, 448, 'Reference'
503, 'NP_150082.1', 'NC_003045', '', 'M', '', 1, 230, 'Reference'
502, 'NP_150081.1', 'NC_003045', '', 'E', '', 1, 84, 'Reference'
501, 'NP_150080.1', 'NC_003045', '', '', '', 1, 109, 'Reference'
500, 'NP_150079.1', 'NC_003045', '', '', '', 1, 45, 'Reference'
499, 'NP_150078.1', 'NC_003045', '', '', '', 1, 29, 'Reference'
498, 'NP_150077.1', 'NC_003045', '', 'S', '', 1, 1363, 'Reference'
497, 'NP_150076.1', 'NC_003045', '', 'He', '', 1, 424, 'Reference'
496, 'NP_150075.1', 'NC_003045', '', 'Ns', '', 1, 278, 'Reference'
495, 'NP_150074.1', 'NC_003045', '', 'Orf1ab', '', 1, 4383, 'Reference'
494, 'NP_150073.2', 'NC_003045', '', 'Orf1ab', '', 1, 7094, 'Reference'
493, 'NP_068674.1', 'NC_001846', '', '', '', 1, 207, 'Reference'
492, 'NP_045302.1', 'NC_001846', '', '', '', 1, 454, 'Reference'
491, 'NP_045301.1', 'NC_001846', '', '', '', 1, 228, 'Reference'
490, 'NP_068673.1', 'NC_001846', '', '', '', 1, 83, 'Reference'
489, 'NP_068672.1', 'NC_001846', '', '', '', 1, 112, 'Reference'
488, 'NP_068671.1', 'NC_001846', '', '', '', 1, 161, 'Reference'
487, 'NP_045300.1', 'NC_001846', '', '', '', 1, 1324, 'Reference'
486, 'NP_068670.1', 'NC_001846', '', '', '', 1, 312, 'Reference'
485, 'NP_068669.1', 'NC_001846', '', '', '', 1, 273, 'Reference'
484, 'NP_045298.1', 'NC_001846', '', '', '', 1, 4470, 'Reference'
483, 'NP_068668.2', 'NC_001846', '', '', '', 1, 7178, 'Reference'
482, 'NP_040838.1', 'NC_001451', '', '', '', 1, 409, 'Reference'
481, 'NP_040837.1', 'NC_001451', '', '', '', 1, 82, 'Reference'
480, 'NP_040836.1', 'NC_001451', '', '', '', 1, 65, 'Reference'
479, 'NP_040835.1', 'NC_001451', '', '', '', 1, 225, 'Reference'
478, 'NP_040834.1', 'NC_001451', '', '', '', 1, 108, 'Reference'
477, 'NP_040833.1', 'NC_001451', '', '', '', 1, 64, 'Reference'
476, 'NP_040832.1', 'NC_001451', '', '', '', 1, 57, 'Reference'
475, 'NP_040831.1', 'NC_001451', '', '', '', 1, 1162, 'Reference'
474, 'NP_040829.1', 'NC_001451', '', '', '', 1, 3951, 'Reference'
473, 'NP_066134.1', 'NC_001451', '', '', '', 1, 6629, 'Reference'
472, 'NP_073556.1', 'NC_002645', '', 'N', '', 1, 389, 'Reference'
471, 'NP_073555.1', 'NC_002645', '', 'M', '', 1, 225, 'Reference'
470, 'NP_073554.1', 'NC_002645', '', 'E', '', 1, 77, 'Reference'
469, 'NP_073553.1', 'NC_002645', '', '4b', '', 1, 88, 'Reference'
468, 'NP_073552.1', 'NC_002645', '', '4a', '', 1, 133, 'Reference'
467, 'NP_073551.1', 'NC_002645', '', 'S', '', 1, 1173, 'Reference'
466, 'NP_073550.1', 'NC_002645', '', '', '', 1, 4085, 'Reference'
465, 'NP_073549.1', 'NC_002645', '', '', '', 1, 6758, 'Reference'
464, 'NP_598314.1', 'NC_003436', '', '', '', 1, 441, 'Reference'
463, 'NP_598313.1', 'NC_003436', '', '', '', 1, 226, 'Reference'
462, 'NP_598312.1', 'NC_003436', '', '', '', 1, 76, 'Reference'
461, 'NP_598311.1', 'NC_003436', '', '', '', 1, 224, 'Reference'
460, 'NP_598310.1', 'NC_003436', '', '', '', 1, 1383, 'Reference'
459, 'NP_598309.1', 'NC_003436', '', '', '', 1, 6781, 'Reference'
458, 'NP_058429.1', 'NC_002306', '', 'Nsp 7', '', 1, 78, 'Reference'
457, 'NP_058428.1', 'NC_002306', '', 'N', '', 1, 382, 'Reference'
456, 'NP_058427.2', 'NC_002306', '', 'M', '', 1, 262, 'Reference'
455, 'NP_058426.1', 'NC_002306', '', 'E', '', 1, 82, 'Reference'
454, 'NP_058425.1', 'NC_002306', '', 'Nsp 3a', '', 1, 71, 'Reference'
453, 'NP_058424.1', 'NC_002306', '', 'S', '', 1, 1447, 'Reference'
452, 'NP_058423.1', 'NC_002306', '', '', '', 1, 4017, 'Reference'
451, 'NP_058422.1', 'NC_002306', '', '', '', 1, 6685, 'Reference'
581, 'NP_848533.1', 'NC_004782', '', '', '', 1, 437, 'Reference'
580, 'NP_848532.1', 'NC_004781', '', '', '', 1, 483, 'Reference'
579, 'NP_848531.1', 'NC_004781', '', '', '', 1, 83, 'Reference'
578, 'NP_848530.1', 'NC_004780', '', '', '', 1, 317, 'Reference'
577, 'NP_848529.1', 'NC_004780', '', '', '', 1, 100, 'Reference'
576, 'NP_848528.1', 'NC_004779', '', '', '', 1, 211, 'Reference'
575, 'NP_848527.1', 'NC_004779', '', '', '', 1, 2280, 'Reference'
574, 'NP_872278.1', 'NC_005036', '', 'L', '', 1, 2204, 'Reference'
573, 'NP_872277.1', 'NC_005036', '', 'Hn', '', 1, 571, 'Reference'
572, 'NP_872276.1', 'NC_005036', '', 'F', '', 1, 553, 'Reference'
571, 'NP_872275.1', 'NC_005036', '', 'M', '', 1, 364, 'Reference'
570, 'NP_872274.1', 'NC_005036', '', 'P', '', 1, 395, 'Reference'
533, 'NP_066135.1', 'NC_001961', '', '', '', 1, 3960, 'Reference'
569, 'NP_872273.1', 'NC_005036', '', 'Np', '', 1, 489, 'Reference'
653, 'NP_658990.1', 'NC_004004', '', '', '', 1, 2322, 'Reference'
535, 'NP_047408.1', 'NC_001961', '', '', '', 1, 256, 'Reference'
536, 'NP_047409.1', 'NC_001961', '', '', '', 1, 254, 'Reference'
537, 'NP_047410.1', 'NC_001961', '', '', '', 1, 178, 'Reference'
538, 'NP_047411.1', 'NC_001961', '', '', '', 1, 200, 'Reference'
539, 'NP_047412.1', 'NC_001961', '', '', '', 1, 174, 'Reference'
540, 'NP_047413.1', 'NC_001961', '', '', '', 1, 123, 'Reference'
541, 'NP_127506.1', 'NC_002532', '', '', '', 1, 3175, 'Reference'
543, 'NP_127508.1', 'NC_002532', '', '', '', 1, 67, 'Reference'
544, 'NP_065656.1', 'NC_002532', '', '', '', 1, 227, 'Reference'
545, 'NP_065657.1', 'NC_002532', '', '', '', 1, 163, 'Reference'
546, 'NP_065658.1', 'NC_002532', '', '', '', 1, 152, 'Reference'
547, 'NP_065659.1', 'NC_002532', '', '', '', 1, 255, 'Reference'
548, 'NP_065660.1', 'NC_002532', '', '', '', 1, 162, 'Reference'
549, 'NP_065661.1', 'NC_002532', '', '', '', 1, 110, 'Reference'
550, 'NP_065670', 'NC_002534', '', '', '', 1, 2226, 'Reference'
651, 'NP_859426.1', 'NC_004915', '', '', '', 1, 2330, 'Reference'
552, 'NP_065672.1', 'NC_002534', '', '', '', 1, 227, 'Reference'
553, 'NP_065673.1', 'NC_002534', '', '', '', 1, 191, 'Reference'
554, 'NP_065674.1', 'NC_002534', '', '', '', 1, 175, 'Reference'
555, 'NP_065675.1', 'NC_002534', '', '', '', 1, 214, 'Reference'
556, 'NP_065676.1', 'NC_002534', '', '', '', 1, 171, 'Reference'
557, 'NP_065677.1', 'NC_002534', '', '', '', 1, 115, 'Reference'
558, 'NP_742092.1', 'NC_003092', '', 'Orf1ab', '', 1, 3595, 'Reference'
652, 'YP_024315.1', 'NC_011450', '', '', '', 1, 2332, 'Reference'
560, 'NP_203544.1', 'NC_003092', '', 'Orf2', '', 1, 281, 'Reference'
561, 'NP_203545.1', 'NC_003092', '', 'Orf2a', '', 1, 204, 'Reference'
562, 'NP_203546.1', 'NC_003092', '', 'Orf3', '', 1, 205, 'Reference'
563, 'NP_203547.1', 'NC_003092', '', '', '', 1, 214, 'Reference'
564, 'NP_203548.1', 'NC_003092', '', '', '', 1, 179, 'Reference'
565, 'NP_203549.1', 'NC_003092', '', '', '', 1, 182, 'Reference'
566, 'NP_203550.1', 'NC_003092', '', 'Large glycoprotein gene', '', 1, 278, 'Reference'
567, 'NP_203551.1', 'NC_003092', '', 'P20', '', 1, 162, 'Reference'
568, 'NP_203552.1', 'NC_003092', '', 'P15', '', 1, 111, 'Reference'
618, 'NP_899660.1', 'NC_005084', '', 'Hn', '', 1, 564, 'Reference'
619, 'NP_899661.1', 'NC_005084', '', 'L', '', 1, 2181, 'Reference'
269, 'AAK08509.1', 'AF333324', '', '', '', 1, 3010, 'Reference'
384, 'NP_849175.1', 'NC_004718', '', 'sars7b', '', 1, 44, 'Reference'
385, 'NP_849176.1', 'NC_004718', '', 'sars8a', '', 1, 39, 'Reference'
386, 'NP_849177.1', 'NC_004718', '', 'sars8b', '', 1, 84, 'Reference'
387, 'NP_891560.1', 'NC_005064', '', '', '', 1, 3357, 'Reference'
270, 'NP_878909.1', 'NC_005062', '', '', '', 1, 3414, 'Reference'
389, 'NP_872627.1', 'NC_005039', '', '', '', 1, 3425, 'Reference'
351, 'NP_040824', 'NC_001449', '', '26s mRNA', '', 1, 1255, 'Reference'
352, 'NP_041254', 'NC_001512', '', '', '', 1, 2514, 'Reference'
620, 'NP_041255', 'NC_001512', '', '', '', 1, 1247, 'Reference'
621, 'NP_062879', 'NC_001544', '', '', '', 1, 2480, 'Reference'
622, 'NP_062880', 'NC_001544', '', '', '', 1, 1254, 'Reference'
623, 'NP_062883', 'NC_001545', '', '', '', 1, 2205, 'Reference'
624, 'NP_062884', 'NC_001545', '', '', '', 1, 1063, 'Reference'
625, 'NP_062888', 'NC_001547', '', '', '', 1, 2513, 'Reference'
626, 'NP_062889', 'NC_001547', '', '', '', 1, 1896, 'Reference'
627, 'NP_062890', 'NC_001547', '', '', '', 1, 1245, 'Reference'
628, 'NP_054023', 'NC_001786', '', '', '', 1, 1794, 'Reference'
629, 'NP_597797', 'NC_001786', '', '', '', 1, 539, 'Reference'
630, 'NP_054024', 'NC_001786', '', '', '', 1, 1239, 'Reference'
631, 'NP_047209', 'NC_001924', '', '', '', 1, 2513, 'Reference'
632, 'NP_047210', 'NC_001924', '', '', '', 1, 1247, 'Reference'
633, 'NP_463457', 'NC_003215', '', '', '', 1, 2431, 'Reference'
634, 'NP_463458', 'NC_003215', '', '', '', 1, 1253, 'Reference'
635, 'NP_579968', 'NC_003417', '', '', '', 1, 2437, 'Reference'
636, 'NP_579970', 'NC_003417', '', '', '', 1, 1242, 'Reference'
637, 'NP_598184', 'NC_003433', '', '', '', 1, 2593, 'Reference'
638, 'NP_598185', 'NC_003433', '', '', '', 1, 1322, 'Reference'
639, 'NP_632020', 'NC_003899', '', '', '', 1, 1878, 'Reference'
640, 'NP_632021', 'NC_003899', '', '', '', 1, 608, 'Reference'
641, 'NP_632022', 'NC_003899', '', '', '', 1, 1241, 'Reference'
642, 'NP_632023', 'NC_003900', '', '', '', 1, 2498, 'Reference'
643, 'NP_632024', 'NC_003900', '', '', '', 1, 1244, 'Reference'
644, 'NP_640330', 'NC_003908', '', '', '', 1, 2467, 'Reference'
645, 'NP_640331', 'NC_003908', '', '', '', 1, 1236, 'Reference'
646, 'NP_647496', 'NC_003930', '', '', '', 1, 2601, 'Reference'
647, 'NP_647497', 'NC_003930', '', '', '', 1, 1320, 'Reference'
648, 'NP_690588', 'NC_004162', '', '', '', 1, 2474, 'Reference'
649, 'NP_690589.2', 'NC_004162', '', '', '', 1, 1248, 'Reference'
