1, 3, 'DISF6', ''
1, 1, 'F1', ''
1, 2, 'F2', ''
2, 5, 'LNK', ''
2, 4, 'F25', ''
2, 3, 'LNK', ''
2, 2, 'DISF14', ''
2, 1, 'F26', ''
2, 6, 'F28', ''
3, 2, 'DISF14', ''
3, 1, 'F26', ''
3, 3, 'F22', ''
4, 1, 'F10', ''
5, 1, 'M5', ''
6, 2, 'S12', 'B'
6, 3, 'TM', ''
6, 1, 'PS', ''
6, 4, 'S32', ''
7, 1, 'EX', ''
7, 2, 'TM', ''
7, 3, 'S79', ''
7, 4, 'S42', ''
8, 1, 'F50', ''
8, 2, 'F51', ''
8, 3, 'F58', 'B'
8, 4, 'F20', 'A'
8, 5, 'F49', ''
9, 1, 'F1', ''
9, 2, 'F2', ''
9, 3, 'DISF1', ''
10, 6, 'F158', ''
10, 5, 'LNK', ''
10, 4, 'F23', ''
10, 3, 'LNK', ''
10, 2, 'DISF19', ''
10, 1, 'F47', ''
11, 1, 'M5', ''
12, 3, 'TM', ''
12, 2, 'S12', 'B'
12, 1, 'PS', ''
12, 4, 'S29', ''
13, 2, 'S113', ''
13, 1, 'TM', ''
14, 5, 'S111', ''
14, 4, 'S42', ''
14, 3, 'S66', ''
14, 2, 'TM', ''
14, 1, 'EX', ''
15, 3, 'F58', 'B'
15, 5, 'F21', ''
15, 2, 'F51', ''
15, 4, 'F20', 'A'
15, 1, 'F50', ''
16, 3, 'DISF11', ''
16, 2, 'F2', ''
16, 1, 'F1', ''
17, 2, 'DISF15', ''
17, 1, 'F156', ''
17, 4, 'F25', ''
17, 3, 'LNK', ''
17, 5, 'LNK', ''
17, 6, 'F28', ''
18, 3, 'F22', ''
18, 2, 'DISF15', ''
18, 1, 'F156', ''
19, 1, 'F183', ''
20, 1, 'M5', ''
21, 2, 'S12', 'B'
21, 3, 'TM', ''
21, 4, 'S39', ''
21, 1, 'PS', ''
22, 1, 'EX', ''
22, 2, 'TM', ''
22, 3, 'S82', ''
22, 4, 'S42', ''
23, 1, 'F50', ''
23, 4, 'F20', 'A'
23, 2, 'F51', ''
23, 3, 'F58', 'B'
23, 5, 'F49', ''
24, 3, 'DISF7', ''
24, 2, 'F2', ''
24, 1, 'F1', ''
25, 2, 'DISF18', ''
25, 1, 'F24', ''
25, 3, 'LNK', ''
25, 4, 'F22', ''
26, 1, 'M5', ''
27, 2, 'S12', 'B'
27, 3, 'TM', ''
27, 4, 'S37', ''
27, 1, 'PS', ''
28, 1, 'EX', ''
28, 2, 'TM', ''
28, 3, 'S80', 'B'
28, 4, 'S42', ''
29, 1, 'F50', ''
29, 2, 'F51', ''
29, 3, 'F58', 'B'
29, 4, 'F20', 'A'
29, 5, 'F21', ''
30, 3, 'DISF9', ''
30, 2, 'F2', ''
30, 1, 'F1', ''
31, 2, 'DISF18', ''
31, 1, 'F24', ''
31, 3, 'LNK', ''
31, 4, 'F23', ''
31, 5, 'LNK', ''
31, 6, 'F159', ''
32, 2, 'DISF18', ''
32, 1, 'F24', ''
32, 3, 'LNK', ''
32, 4, 'F22', ''
33, 1, 'M5', ''
34, 4, 'S38', ''
34, 3, 'TM', ''
34, 2, 'S12', 'B'
34, 1, 'PS', ''
35, 2, 'TM', ''
35, 1, 'DISS1', ''
36, 1, 'EX', ''
36, 2, 'TM', ''
36, 3, 'S80', 'B'
36, 4, 'S42', ''
37, 5, 'F21', ''
37, 4, 'F20', 'A'
37, 3, 'F58', 'B'
37, 2, 'F51', ''
37, 1, 'F50', ''
38, 3, 'DISF8', ''
38, 2, 'F2', ''
38, 1, 'F1', ''
39, 1, 'F24', ''
39, 2, 'DISF18', ''
39, 3, 'LNK', ''
39, 4, 'F23', ''
39, 5, 'LNK', ''
39, 6, 'F159', ''
40, 2, 'DISF18', ''
40, 1, 'F24', ''
40, 3, 'LNK', ''
40, 4, 'F22', ''
41, 1, 'F24', ''
41, 2, 'DISF18', ''
41, 3, 'EX', ''
42, 1, 'M5', ''
43, 3, 'TM', ''
43, 2, 'S12', 'B'
43, 4, 'S40', ''
43, 1, 'PS', ''
44, 2, 'S9', ''
44, 1, 'TM', ''
45, 4, 'S42', ''
45, 3, 'S80', 'A'
45, 2, 'TM', ''
45, 1, 'EX', ''
46, 5, 'F21', ''
46, 4, 'F20', 'A'
46, 3, 'F58', 'B'
46, 2, 'F51', ''
46, 1, 'F50', ''
47, 1, 'F1', ''
47, 2, 'F2', ''
47, 3, 'DISF8', ''
48, 1, 'F24', ''
48, 2, 'DISF18', ''
48, 3, 'LNK', ''
48, 4, 'F23', ''
48, 5, 'LNK', ''
48, 6, 'F159', ''
49, 2, 'DISF18', ''
49, 1, 'F24', ''
49, 3, 'LNK', ''
49, 4, 'F22', ''
50, 1, 'M5', ''
51, 3, 'TM', ''
51, 2, 'S12', 'B'
51, 4, 'S40', ''
51, 1, 'PS', ''
52, 2, 'S9', ''
52, 1, 'TM', ''
53, 1, 'EX', ''
53, 2, 'TM', ''
53, 3, 'S80', 'A'
53, 4, 'S42', ''
54, 5, 'F21', ''
54, 4, 'F20', 'A'
54, 3, 'F58', 'B'
54, 2, 'F51', ''
54, 1, 'F50', ''
55, 1, 'F1', ''
55, 2, 'F2', ''
55, 3, 'DISF7', ''
56, 6, 'F159', ''
56, 5, 'LNK', ''
56, 4, 'F23', ''
56, 3, 'LNK', ''
56, 2, 'DISF18', ''
56, 1, 'F24', ''
57, 2, 'DISF18', ''
57, 1, 'F24', ''
57, 3, 'LNK', ''
57, 4, 'F22', ''
58, 1, 'M5', ''
59, 3, 'TM', ''
59, 2, 'S12', 'B'
59, 1, 'PS', ''
59, 4, 'S34', ''
60, 4, 'S42', ''
60, 3, 'S80', 'B'
60, 2, 'TM', ''
60, 1, 'EX', ''
61, 1, 'F50', ''
61, 5, 'F21', ''
61, 2, 'F51', ''
61, 3, 'F58', 'B'
61, 4, 'F20', 'A'
62, 1, 'F1', ''
62, 2, 'F2', ''
62, 3, 'DISF5', ''
63, 6, 'F157', ''
63, 5, 'LNK', ''
63, 4, 'F23', ''
63, 3, 'LNK', ''
63, 2, 'DISF19', ''
63, 1, 'F47', ''
64, 1, 'M5', ''
65, 1, 'PS', ''
65, 2, 'S12', 'B'
65, 3, 'TM', ''
65, 4, 'S35', ''
66, 1, 'EX', ''
66, 2, 'TM', ''
66, 3, 'S81', ''
66, 4, 'S42', ''
67, 5, 'F21', ''
67, 4, 'F20', 'A'
67, 3, 'F58', 'B'
67, 2, 'F51', ''
67, 1, 'F50', ''
68, 3, 'DISF3', ''
68, 2, 'F2', ''
68, 1, 'F1', ''
69, 5, 'LNK', ''
69, 4, 'F25', ''
69, 3, 'LNK', ''
69, 2, 'DISF13', ''
69, 1, 'F45', ''
69, 6, 'F27', ''
69, 7, 'F232', ''
70, 1, 'F17', ''
71, 1, 'M5', ''
72, 4, 'S30', ''
72, 3, 'TM', ''
72, 2, 'S12', 'B'
72, 1, 'PS', ''
73, 3, 'S8', ''
73, 2, 'TM', ''
73, 1, 'EX', ''
74, 3, 'F58', 'B'
74, 2, 'F51', ''
74, 1, 'F50', ''
74, 4, 'F20', 'A'
74, 5, 'F49', ''
75, 3, 'DISF3', ''
75, 2, 'F2', ''
75, 1, 'F1', ''
76, 7, 'F232', ''
76, 6, 'F27', ''
76, 5, 'LNK', ''
76, 4, 'F25', ''
76, 3, 'LNK', ''
76, 2, 'DISF13', ''
76, 1, 'F45', ''
77, 1, 'F17', ''
78, 1, 'M5', ''
79, 4, 'S30', ''
79, 3, 'TM', ''
79, 2, 'S12', 'B'
79, 1, 'PS', ''
80, 3, 'S8', ''
80, 2, 'TM', ''
80, 1, 'EX', ''
81, 5, 'F49', ''
81, 4, 'F20', 'A'
81, 3, 'F58', 'B'
81, 2, 'F51', ''
81, 1, 'F50', ''
82, 3, 'DISF6', ''
82, 2, 'F2', ''
82, 1, 'F1', ''
83, 5, 'LNK', ''
83, 6, 'F28', ''
83, 4, 'F25', ''
83, 3, 'LNK', ''
83, 2, 'DISF14', ''
83, 1, 'F26', ''
84, 2, 'DISF14', ''
84, 1, 'F26', ''
84, 3, 'F22', ''
85, 1, 'F10', ''
86, 1, 'M5', ''
87, 2, 'S12', 'B'
87, 3, 'TM', ''
87, 4, 'S32', ''
87, 1, 'PS', ''
88, 4, 'S42', ''
88, 3, 'S79', ''
88, 2, 'TM', ''
88, 1, 'EX', ''
89, 5, 'F49', ''
89, 4, 'F20', 'A'
89, 3, 'F58', 'B'
89, 2, 'F51', ''
89, 1, 'F50', ''
90, 3, 'DISF3', ''
90, 2, 'F2', ''
90, 1, 'F1', ''
91, 7, 'F232', ''
91, 6, 'F27', ''
91, 5, 'LNK', ''
91, 4, 'F25', ''
91, 3, 'LNK', ''
91, 2, 'DISF13', ''
91, 1, 'F45', ''
92, 1, 'F17', ''
93, 1, 'M5', ''
94, 2, 'S12', 'B'
94, 3, 'TM', ''
94, 4, 'S30', ''
94, 1, 'PS', ''
95, 1, 'EX', ''
95, 2, 'TM', ''
95, 3, 'S8', ''
96, 6, 'F49', ''
96, 5, 'F20', 'A'
96, 4, 'F58', 'B'
96, 3, 'F51', ''
96, 2, 'LNK', ''
96, 1, 'F50', ''
97, 3, 'DISF2', ''
97, 2, 'F2', ''
97, 1, 'F43', ''
98, 1, 'F18', ''
99, 5, 'F36', ''
99, 4, 'LNK', ''
99, 3, 'F35', ''
99, 2, 'LNK03', ''
99, 1, 'DISF16', ''
100, 1, 'F18', ''
101, 1, 'F18', ''
102, 1, 'M5', ''
103, 4, 'S36', ''
103, 3, 'TM', ''
103, 2, 'S12', 'B'
103, 1, 'PS', ''
104, 1, 'EX', ''
104, 2, 'TM', ''
104, 3, 'S78', 'B'
104, 4, 'S42', ''
105, 5, 'F12', ''
105, 4, 'F20', 'A'
105, 3, 'F58', 'B'
105, 2, 'F51', ''
105, 1, 'F50', ''
106, 3, 'DISF2', ''
106, 2, 'F2', ''
106, 1, 'F43', ''
107, 1, 'F18', ''
108, 5, 'F36', ''
108, 4, 'LNK', ''
108, 3, 'F35', ''
108, 2, 'LNK02', ''
108, 1, 'DISF16', ''
109, 1, 'F18', ''
110, 1, 'F18', ''
111, 1, 'F18', ''
112, 1, 'M5', ''
113, 4, 'S33', ''
113, 3, 'TM', ''
113, 2, 'S12', 'B'
113, 1, 'PS', ''
114, 1, 'EX', ''
114, 2, 'TM', ''
114, 3, 'S78', 'B'
114, 4, 'S42', ''
115, 5, 'F12', ''
115, 4, 'F20', 'A'
115, 3, 'F58', 'B'
115, 2, 'F51', ''
115, 1, 'F50', ''
116, 3, 'DISF2', ''
116, 2, 'F2', ''
116, 1, 'F43', ''
117, 5, 'F36', ''
117, 4, 'LNK', ''
117, 3, 'F35', ''
117, 2, 'LNK01', ''
117, 1, 'DISF16', ''
118, 1, 'DISF16', ''
118, 2, 'F57', ''
119, 1, 'F18', ''
120, 1, 'M5', ''
121, 2, 'S12', 'B'
121, 3, 'TM', ''
121, 4, 'S31', ''
121, 1, 'PS', ''
122, 4, 'S42', ''
122, 3, 'S78', 'A'
122, 2, 'TM', ''
122, 1, 'EX', ''
123, 5, 'F12', ''
123, 4, 'F20', 'A'
123, 3, 'F58', 'B'
123, 2, 'F51', ''
123, 1, 'F50', ''
124, 3, 'DISF2', ''
124, 2, 'F2', ''
124, 1, 'F43', ''
125, 5, 'F36', ''
125, 1, 'DISF16', ''
125, 2, 'LNK01', ''
125, 4, 'LNK', ''
125, 3, 'F35', ''
126, 1, 'M5', ''
127, 3, 'TM', ''
127, 2, 'S12', 'B'
127, 1, 'PS', ''
127, 4, 'S31', ''
128, 4, 'S42', ''
128, 3, 'S78', 'A'
128, 2, 'TM', ''
128, 1, 'EX', ''
129, 1, 'F50', ''
129, 2, 'F51', ''
129, 3, 'F58', 'B'
129, 4, 'F20', 'A'
129, 5, 'F12', ''
130, 1, 'F33', ''
131, 4, 'S75', ''
131, 3, 'S51', ''
131, 2, 'S52', ''
131, 1, 'S77', ''
132, 6, 'F93', ''
132, 5, 'F56', ''
132, 4, 'F147', ''
132, 3, 'F86', ''
132, 2, 'F89', ''
132, 1, 'F91', ''
133, 3, 'F63', ''
133, 2, 'F56', ''
133, 1, 'F42', ''
134, 3, 'TM', ''
134, 4, 'S117', ''
134, 5, 'HD', ''
134, 6, 'LNK', ''
134, 7, 'S49', ''
134, 2, 'S116', ''
134, 1, 'PS', ''
134, 8, 'TM', ''
134, 9, 'EX', ''
135, 1, 'F94', ''
136, 1, 'F95', ''
137, 3, 'F125', ''
137, 2, 'F124', ''
137, 1, 'UNK', ''
138, 2, 'F129', ''
138, 1, 'F128', ''
139, 3, 'F98', ''
139, 2, 'F96', ''
139, 1, 'F97', ''
140, 1, 'F13', ''
141, 1, 'F14', ''
142, 1, 'F11', ''
143, 1, 'DISF25', ''
143, 2, 'F6', ''
143, 3, 'DISF26', ''
144, 1, 'M7', ''
145, 2, 'S10', ''
145, 1, 'TM', ''
146, 2, 'S2', ''
146, 1, 'TM', ''
147, 3, 'TM', ''
147, 2, 'S12', 'A'
147, 1, 'PS', ''
147, 4, 'S13', ''
148, 1, 'F239', ''
149, 1, 'F161', ''
150, 3, 'F68', ''
150, 2, 'F51', ''
150, 4, 'F20', 'D'
150, 1, 'F19', ''
150, 5, 'F69', ''
151, 1, 'F13', ''
152, 1, 'F14', ''
153, 1, 'F11', ''
154, 1, 'DISF25', ''
154, 2, 'F6', ''
154, 3, 'DISF26', ''
155, 1, 'M7', ''
156, 2, 'S10', ''
156, 1, 'TM', ''
157, 2, 'S2', ''
157, 1, 'TM', ''
158, 4, 'S13', ''
158, 3, 'TM', ''
158, 2, 'S12', 'A'
158, 1, 'PS', ''
159, 1, 'F239', ''
160, 1, 'F161', ''
161, 3, 'F68', ''
161, 4, 'F20', 'D'
161, 2, 'F51', ''
161, 1, 'F19', ''
161, 5, 'F69', ''
162, 1, 'F13', ''
163, 1, 'F14', ''
164, 1, 'F11', ''
165, 2, 'F6', ''
165, 1, 'DISF25', ''
165, 3, 'DISF26', ''
166, 1, 'M7', ''
167, 1, 'TM', ''
167, 2, 'S10', ''
168, 2, 'S2', ''
168, 1, 'TM', ''
169, 4, 'S13', ''
169, 3, 'TM', ''
169, 2, 'S12', 'A'
169, 1, 'PS', ''
170, 1, 'F239', ''
171, 3, 'F68', ''
171, 2, 'F51', ''
171, 4, 'F20', 'D'
171, 1, 'F19', ''
171, 5, 'F69', ''
172, 1, 'F48', ''
173, 1, 'F140', ''
174, 1, 'EX', ''
174, 2, 'M8', ''
175, 1, 'PS', ''
175, 2, 'S7', ''
175, 3, 'HD', ''
175, 4, 'S71', ''
175, 5, 'DISS2', ''
175, 6, 'S43', ''
175, 7, 'TM', ''
176, 1, 'PS', ''
176, 2, 'S7', ''
176, 3, 'HD', ''
176, 4, 'S71', ''
176, 5, 'S26', ''
177, 2, 'S7', ''
177, 3, 'HD', ''
177, 4, 'S71', ''
177, 1, 'PS', ''
178, 1, 'DISF29', ''
178, 2, 'F80', ''
179, 1, 'M1', ''
180, 5, 'F70', ''
180, 4, 'F20', 'C'
180, 3, 'F58', 'A'
180, 2, 'F51', ''
180, 1, 'F64', ''
181, 1, 'F48', ''
182, 1, 'F140', ''
183, 2, 'M8', ''
183, 1, 'EX', ''
184, 6, 'S73', ''
184, 1, 'PS', ''
184, 7, 'S43', ''
184, 2, 'S7', ''
184, 3, 'HD', ''
184, 4, 'S72', ''
184, 5, 'DISS3', ''
184, 8, 'TM', ''
185, 1, 'DISF29', ''
185, 2, 'F80', ''
186, 1, 'M1', ''
187, 5, 'F70', ''
187, 4, 'F20', 'C'
187, 3, 'F58', 'B'
187, 2, 'F51', ''
187, 1, 'F64', ''
190, 3, 'F179', 'A'
190, 2, 'F5', ''
190, 1, 'F180', 'A'
191, 1, 'F55', ''
191, 2, 'F16', ''
192, 1, 'M2', ''
193, 2, 'S1', ''
193, 1, 'PS', ''
193, 3, 'S18', ''
193, 4, 'TM', ''
193, 5, 'EX', ''
194, 3, 'F62', ''
194, 4, 'F20', 'B'
194, 2, 'F51', ''
194, 5, 'F52', 'B'
194, 1, 'F7', ''
195, 1, 'F180', 'A'
195, 2, 'F5', ''
195, 3, 'F179', 'A'
196, 2, 'F16', ''
196, 1, 'F54', ''
197, 1, 'M2', ''
198, 1, 'PS', ''
198, 2, 'S1', ''
198, 3, 'S18', ''
198, 4, 'TM', ''
198, 5, 'EX', ''
199, 3, 'F62', ''
199, 4, 'F20', 'B'
199, 2, 'F51', ''
199, 5, 'F52', 'B'
199, 1, 'F7', ''
200, 3, 'F178', ''
200, 2, 'F5', ''
200, 1, 'F181', ''
201, 1, 'F259', ''
201, 2, 'DISF28', ''
201, 3, 'F182', ''
202, 1, 'M3', ''
203, 3, 'S15', ''
203, 4, 'TM', ''
203, 2, 'S1', ''
203, 5, 'EX', ''
203, 1, 'PS', ''
204, 3, 'F62', ''
204, 1, 'F7', ''
204, 4, 'F20', 'B'
204, 2, 'F51', ''
204, 5, 'F52', 'A'
205, 3, 'F178', ''
205, 2, 'F5', ''
205, 1, 'F181', ''
206, 3, 'F182', ''
206, 2, 'DISF28', ''
206, 1, 'F259', ''
207, 1, 'M3', ''
208, 1, 'PS', ''
208, 2, 'S1', ''
208, 3, 'S15', ''
208, 4, 'TM', ''
208, 5, 'EX', ''
209, 5, 'F52', 'A'
209, 4, 'F20', 'B'
209, 3, 'F62', ''
209, 2, 'F51', ''
209, 1, 'F7', ''
210, 3, 'F179', 'B'
210, 2, 'F5', ''
210, 1, 'F180', 'B'
211, 1, 'F177', ''
212, 1, 'F176', ''
213, 1, 'M18', ''
214, 3, 'S25', ''
214, 5, 'S14', ''
214, 2, 'S1', ''
214, 1, 'PS', ''
214, 4, 'TM', ''
215, 1, 'PS', ''
215, 2, 'S1', ''
215, 3, 'S20', ''
215, 4, 'TM', ''
215, 5, 'EX', ''
216, 3, 'EX', ''
216, 2, 'TM', ''
216, 1, 'EX', ''
217, 1, 'IC17', ''
218, 1, 'IC18', ''
219, 1, 'IC19', ''
220, 1, 'IC20', ''
221, 5, 'F52', 'A'
221, 4, 'F20', 'B'
221, 3, 'F62', ''
221, 2, 'F51', ''
221, 1, 'F7', ''
222, 1, 'F8', ''
223, 1, 'F15', ''
224, 1, 'M4', ''
225, 2, 'S1', ''
225, 3, 'S17', ''
225, 4, 'TM', ''
225, 5, 'EX', ''
225, 1, 'PS', ''
226, 1, 'IC24', ''
227, 1, 'F3', ''
227, 2, 'F51', ''
227, 3, 'F61', ''
228, 1, 'F8', ''
229, 1, 'F15', ''
230, 1, 'M4', ''
231, 4, 'TM', ''
231, 5, 'EX', ''
231, 2, 'S1', ''
231, 3, 'S17', ''
231, 1, 'PS', ''
232, 1, 'IC22', ''
233, 1, 'F3', ''
233, 2, 'F51', ''
233, 3, 'F61', ''
234, 1, 'F8', ''
235, 1, 'F15', ''
236, 1, 'M4', ''
237, 3, 'S17', ''
237, 4, 'TM', ''
237, 1, 'PS', ''
237, 5, 'EX', ''
237, 2, 'S1', ''
238, 1, 'IC21', ''
239, 1, 'F3', ''
239, 2, 'F51', ''
239, 3, 'F61', ''
240, 1, 'F175', ''
241, 1, 'DISF24', ''
241, 2, 'F122', ''
241, 3, 'DISF27', ''
242, 1, 'M20', ''
243, 2, 'S114', ''
243, 1, 'PS', ''
243, 3, 'S27', ''
243, 4, 'TM', ''
243, 5, 'EX', ''
244, 3, 'F59', ''
244, 2, 'F51', ''
244, 1, 'F65', ''
245, 1, 'F167', ''
245, 2, 'F9', ''
245, 3, 'DISF22', ''
246, 1, 'F162', ''
247, 1, 'IC27', ''
248, 1, 'M16', ''
249, 4, 'S54', ''
249, 3, 'TM', ''
249, 2, 'S4', ''
249, 1, 'PS', ''
250, 3, 'F53', ''
250, 2, 'F51', ''
250, 1, 'F67', ''
251, 2, 'F9', ''
251, 1, 'F163', ''
252, 1, 'F174', ''
253, 1, 'IC1', ''
254, 1, 'IC3', ''
255, 1, 'IC4', ''
256, 1, 'IC5', ''
257, 1, 'M15', ''
258, 4, 'EX', ''
258, 1, 'PS', ''
258, 2, 'S84', ''
258, 3, 'TM', ''
259, 5, 'F32', ''
259, 4, 'F60', ''
259, 3, 'F31', ''
259, 2, 'F51', ''
259, 1, 'F66', ''
260, 1, 'F130', ''
261, 1, 'F131', ''
262, 2, 'F129', ''
262, 1, 'F127', ''
263, 1, 'F132', ''
264, 2, 'F136', ''
264, 1, 'F134', ''
265, 3, 'S62', ''
265, 4, 'S57', ''
265, 2, 'S56', ''
265, 1, 'S59', ''
265, 5, 'S63', ''
266, 1, 'F133', ''
267, 8, 'UNK', ''
267, 7, 'F143', ''
267, 9, 'F144', ''
267, 6, 'UNK', ''
267, 10, 'F145', ''
267, 4, 'UNK', ''
267, 5, 'F139', ''
267, 3, 'F141', ''
267, 2, 'UNK', ''
267, 1, 'F137', ''
268, 17, 'F76', ''
268, 16, 'F255', ''
268, 15, 'HD', ''
268, 14, 'F75', ''
268, 13, 'F79', ''
268, 19, 'F78', ''
268, 12, 'F74', ''
268, 11, 'F73', ''
268, 10, 'F72', 'C'
268, 2, 'PS', ''
268, 3, 'S46', ''
268, 9, 'F71', ''
268, 8, 'TM', ''
268, 6, 'S47', ''
268, 5, 'TM', ''
268, 4, 'S133', ''
268, 7, 'LNK', ''
268, 18, 'F77', ''
268, 1, 'S98', ''
269, 36, 'TM', ''
269, 35, 'F230', ''
269, 34, 'F229', ''
269, 33, 'TM', ''
269, 32, 'F227', ''
269, 31, 'HD', ''
269, 30, 'IHD', ''
269, 29, 'HD', ''
269, 28, 'IHD', ''
269, 27, 'HD', ''
269, 26, 'IHD', ''
269, 25, 'HD', ''
269, 24, 'IHD', ''
269, 23, 'HD', ''
269, 22, 'F231', ''
269, 21, 'F226', ''
269, 20, 'HD', ''
269, 19, 'EX', ''
269, 18, 'F219', ''
269, 17, 'F216', ''
269, 16, 'F225', ''
269, 15, 'TM', ''
269, 14, 'EX', ''
269, 13, 'EX', ''
269, 12, 'TM', ''
269, 11, 'ITM', ''
269, 10, 'TM', ''
269, 9, 'EX', ''
269, 8, 'EX', ''
269, 7, 'TM', ''
269, 6, 'S108', ''
269, 5, 'TM', ''
269, 4, 'S103', ''
269, 3, 'TM', ''
269, 2, 'S101', ''
269, 1, 'S102', ''
270, 18, 'F77', ''
270, 17, 'F76', ''
270, 16, 'F255', ''
270, 15, 'HD', ''
270, 14, 'F75', ''
270, 13, 'F79', ''
270, 12, 'F74', ''
270, 11, 'F217', ''
270, 10, 'F72', 'A'
270, 9, 'F71', ''
270, 8, 'TM', ''
270, 7, 'LNK', ''
270, 6, 'S47', ''
270, 5, 'TM', ''
270, 4, 'S133', ''
270, 3, 'S46', ''
270, 2, 'PS', ''
270, 1, 'S96', 'A'
270, 19, 'F78', ''
271, 1, 'UNK', ''
272, 4, 'F173', ''
272, 3, 'F84', ''
272, 2, 'F82', ''
272, 1, 'UNK', ''
273, 2, 'F82', ''
273, 3, 'F84', ''
273, 4, 'F172', ''
273, 1, 'UNK', ''
274, 1, 'UNK', ''
274, 2, 'F82', ''
274, 3, 'F84', ''
274, 4, 'F171', ''
275, 1, 'F33', ''
276, 4, 'S52', ''
276, 3, 'S74', ''
276, 2, 'TM', ''
276, 5, 'S51', ''
276, 6, 'S75', ''
276, 1, 'UNK', ''
277, 3, 'F88', ''
277, 4, 'F56', ''
277, 2, 'F86', ''
277, 5, 'F92', ''
277, 1, 'F87', ''
278, 4, 'TM', ''
278, 3, 'LNK', ''
278, 2, 'S50', ''
278, 1, 'PS', ''
279, 1, 'F33', ''
280, 2, 'TM', ''
280, 3, 'S74', ''
280, 4, 'S52', ''
280, 1, 'UNK', ''
280, 5, 'S51', ''
280, 6, 'S75', ''
281, 1, 'UNK', ''
281, 2, 'F82', ''
281, 3, 'F85', ''
282, 2, 'S51', ''
282, 3, 'S76', ''
282, 1, 'S53', ''
283, 3, 'F103', ''
283, 2, 'F101', ''
283, 1, 'F102', ''
284, 5, 'UNK', ''
284, 4, 'F103', ''
284, 3, 'UNK', ''
284, 2, 'F101', ''
284, 1, 'F104', ''
285, 3, 'F83', ''
285, 2, 'F82', ''
285, 1, 'F170', ''
286, 1, 'F105', ''
287, 1, 'F106', ''
288, 6, 'F93', ''
288, 5, 'F56', ''
288, 4, 'F147', ''
288, 3, 'F86', ''
288, 2, 'F89', ''
288, 1, 'F91', ''
289, 1, 'F169', ''
290, 3, 'F100', ''
290, 2, 'F96', ''
290, 1, 'F99', ''
291, 7, 'F143', ''
291, 8, 'UNK', ''
291, 6, 'UNK', ''
291, 1, 'F138', ''
291, 2, 'UNK', ''
291, 3, 'F141', ''
291, 4, 'UNK', ''
291, 5, 'F139', ''
291, 9, 'F144', ''
291, 10, 'F145', ''
292, 2, 'F136', ''
292, 1, 'F135', ''
293, 3, 'S61', ''
293, 2, 'S56', ''
293, 4, 'S57', ''
293, 1, 'S60', ''
293, 5, 'S58', ''
294, 1, 'F95', ''
295, 2, 'F126', ''
295, 1, 'F124', ''
296, 3, 'DISF17', ''
296, 2, 'F9', ''
296, 1, 'F165', ''
297, 1, 'F107', ''
298, 1, 'IC25', ''
299, 1, 'M10', ''
300, 4, 'EX', ''
300, 3, 'TM', ''
300, 2, 'S4', ''
300, 1, 'PS', ''
301, 1, 'IC26', ''
302, 3, 'F53', ''
302, 2, 'F51', ''
302, 1, 'F67', ''
303, 1, 'F90', ''
303, 2, 'F89', ''
303, 3, 'F86', ''
303, 4, 'F147', ''
303, 5, 'F56', ''
303, 6, 'F93', ''
304, 1, 'F105', ''
305, 1, 'F106', ''
306, 1, 'F105', ''
307, 1, 'F106', ''
308, 1, 'F109', ''
309, 1, 'F110', ''
310, 1, 'M11', ''
310, 2, 'M13', ''
311, 3, 'S6', ''
311, 2, 'TM', ''
311, 1, 'EX', ''
312, 1, 'EX', ''
312, 2, 'TM', ''
312, 3, 'LNK', ''
312, 4, 'S48', ''
313, 2, 'F112', ''
313, 1, 'F111', ''
314, 4, 'TM', ''
314, 3, 'LNK', ''
314, 2, 'S50', ''
314, 1, 'PS', ''
315, 2, 'F30', ''
315, 1, 'F113', ''
316, 1, 'F114', ''
317, 1, 'F115', ''
318, 1, 'F90', ''
318, 2, 'F89', ''
318, 3, 'F86', ''
318, 4, 'F147', ''
318, 5, 'F56', ''
318, 6, 'F93', ''
319, 1, 'F105', ''
320, 1, 'F106', ''
321, 4, 'S52', ''
321, 5, 'S51', ''
321, 3, 'S77', ''
321, 6, 'S75', ''
321, 2, 'TM', ''
321, 1, 'UNK', ''
322, 1, 'F116', ''
323, 1, 'F117', ''
324, 3, 'S83', ''
324, 2, 'S57', ''
324, 1, 'S64', ''
325, 7, 'F146', ''
325, 6, 'F144', ''
325, 5, 'F143', ''
325, 4, 'F139', ''
325, 3, 'F142', ''
325, 2, 'F141', ''
325, 1, 'UNK', ''
326, 1, 'F114', ''
327, 1, 'F113', ''
327, 2, 'F30', ''
328, 1, 'F115', ''
329, 1, 'F118', ''
330, 1, 'F119', ''
331, 1, 'F112', ''
332, 3, 'LNK', ''
332, 2, 'TM', ''
332, 1, 'EX', ''
332, 4, 'S48', ''
333, 1, 'M11', ''
333, 2, 'M12', ''
334, 1, 'S21', ''
334, 2, 'TM', ''
334, 3, 'S22', ''
335, 1, 'F120', ''
336, 1, 'F121', ''
337, 3, 'DISF10', ''
337, 2, 'F2', ''
337, 1, 'F1', ''
338, 5, 'LNK', ''
338, 4, 'F23', ''
338, 3, 'LNK', ''
338, 2, 'DISF20', ''
338, 1, 'F24', ''
338, 6, 'F159', ''
339, 3, 'LNK', ''
339, 4, 'F22', ''
339, 2, 'DISF20', ''
339, 1, 'F24', ''
340, 2, 'DISF20', ''
340, 1, 'F24', ''
340, 3, 'F123', ''
341, 1, 'M5', ''
342, 2, 'S12', 'B'
342, 3, 'TM', ''
342, 1, 'PS', ''
342, 4, 'S67', ''
343, 4, 'S42', ''
343, 3, 'S65', ''
343, 2, 'TM', ''
343, 1, 'EX', ''
344, 5, 'F21', ''
344, 1, 'F50', ''
344, 2, 'F51', ''
344, 3, 'F58', 'B'
344, 4, 'F20', 'A'
345, 1, 'S98', ''
345, 2, 'PS', ''
345, 3, 'S46', ''
345, 4, 'S133', ''
345, 5, 'TM', ''
345, 6, 'S47', ''
345, 7, 'LNK', ''
345, 8, 'TM', ''
345, 9, 'F71', ''
345, 10, 'F72', 'B'
345, 11, 'F73', ''
345, 12, 'F74', 'A'
345, 13, 'F79', ''
345, 14, 'F75', ''
345, 15, 'HD', ''
345, 16, 'F255', ''
345, 17, 'F76', ''
345, 18, 'F77', ''
345, 19, 'F78', ''
346, 1, 'M5', ''
347, 3, 'TM', ''
347, 2, 'S12', 'B'
347, 1, 'PS', ''
347, 4, 'S30', ''
348, 1, 'EX', ''
348, 2, 'TM', ''
348, 3, 'S8', ''
349, 1, 'F263', ''
349, 2, 'TM', ''
349, 3, 'F261', ''
349, 4, 'F260', ''
349, 5, 'F269', ''
349, 6, 'F262', ''
350, 1, 'F263', ''
350, 2, 'TM', ''
350, 3, 'F261', ''
350, 4, 'F260', ''
350, 5, 'F269', ''
351, 6, 'TM', ''
351, 5, 'S44', ''
351, 4, 'TM', ''
351, 3, 'S121', ''
351, 2, 'S122', ''
351, 1, 'M14', ''
352, 1, 'F263', ''
352, 2, 'TM', ''
352, 3, 'F261', ''
352, 4, 'F260', ''
352, 5, 'F269', ''
352, 6, 'F262', ''
353, 5, 'F49', ''
353, 4, 'F20', ''
353, 3, 'F58', 'B'
353, 2, 'F51', ''
353, 1, 'F50', ''
354, 1, 'F8', ''
355, 1, 'F15', ''
356, 1, 'M4', ''
357, 5, 'EX', ''
357, 4, 'TM', ''
357, 3, 'S17', ''
357, 2, 'S1', ''
357, 1, 'PS', ''
358, 1, 'IC21', ''
359, 3, 'F61', ''
359, 2, 'F51', ''
359, 1, 'F3', ''
360, 3, 'DISF3', ''
360, 2, 'F2', ''
360, 1, 'F1', ''
361, 7, 'F232', ''
361, 6, 'F27', ''
361, 4, 'F25', ''
361, 5, 'LNK', ''
361, 3, 'LNK', ''
361, 2, 'DISF13', ''
361, 1, 'F45', ''
362, 1, 'F17', ''
363, 1, 'M5', ''
364, 4, 'S30', ''
364, 3, 'TM', ''
364, 2, 'S12', ''
364, 1, 'PS', ''
365, 3, 'S8', ''
365, 2, 'TM', ''
365, 1, 'EX', ''
366, 1, 'F50', ''
366, 2, 'F51', ''
366, 3, 'F58', ''
366, 4, 'F20', ''
366, 5, 'F49', ''
367, 3, 'DISF12', ''
367, 2, 'F2', ''
367, 1, 'F1', ''
368, 2, 'DISF15', ''
368, 5, 'LNK', ''
368, 4, 'F25', ''
368, 3, 'LNK', ''
368, 1, 'F46', ''
368, 6, 'F28', ''
369, 1, 'F46', ''
369, 2, 'DISF15', ''
369, 3, 'F22', ''
370, 1, 'F183', ''
371, 1, 'M5', ''
372, 4, 'S85', ''
372, 3, 'TM', ''
372, 2, 'S12', ''
372, 1, 'PS', ''
373, 2, 'TM', ''
373, 4, 'S42', ''
373, 3, 'S86', ''
373, 1, 'EX', ''
374, 5, 'F49', ''
374, 4, 'F20', ''
374, 3, 'F58', ''
374, 2, 'F51', ''
374, 1, 'F50', ''
375, 22, 'F193', ''
375, 21, 'F192', 'A'
375, 20, 'F191', ''
375, 19, 'F190', 'A'
375, 18, 'F189', 'A'
375, 17, 'F188', ''
375, 16, 'F187', ''
375, 15, 'F186', ''
375, 14, 'F185', 'A'
375, 13, 'F184', ''
375, 12, 'F195', ''
375, 11, 'F196', ''
375, 10, 'TM', ''
375, 9, 'F202', ''
375, 8, 'F250', ''
375, 7, 'F203', ''
375, 6, 'F249', ''
375, 5, 'F200', ''
375, 4, 'F248', ''
375, 3, 'F197', ''
375, 2, 'F240', ''
375, 1, 'F233', ''
376, 1, 'UNK', ''
377, 2, 'F40', ''
377, 1, 'F41', ''
378, 1, 'PS', ''
378, 2, 'S88', ''
378, 3, 'S90', ''
378, 4, 'TM', ''
378, 5, 'UNK', ''
379, 1, 'UNK', ''
380, 1, 'LNK', ''
380, 2, 'TM', ''
380, 3, 'S87', 'A'
381, 1, 'UNK', ''
381, 2, 'TM', ''
381, 3, 'ITM', ''
381, 4, 'TM', ''
381, 5, 'ITM', ''
381, 6, 'TM', ''
381, 7, 'M19', ''
382, 4, 'F206', ''
382, 3, 'NF', ''
382, 2, 'F205', ''
382, 1, 'UNK', ''
383, 1, 'UNK', ''
384, 1, 'TM', ''
385, 1, 'UNK', ''
386, 1, 'UNK', ''
387, 17, 'F77', ''
387, 16, 'F257', ''
387, 15, 'F255', ''
387, 14, 'HD', ''
387, 13, 'F256', ''
387, 12, 'F79', ''
387, 11, 'F74', ''
387, 10, 'F218', ''
387, 9, 'F215', ''
387, 8, 'F71', ''
387, 7, 'TM', ''
387, 6, 'S100', ''
387, 5, 'TM', ''
387, 4, 'S136', ''
387, 3, 'S135', ''
387, 2, 'PS', ''
387, 1, 'S137', ''
387, 18, 'F78', ''
388, 1, 'F1', ''
388, 2, 'F2', ''
388, 3, 'DISF3', ''
389, 11, 'F73', ''
389, 14, 'F75', ''
389, 13, 'F79', ''
389, 12, 'F74', ''
389, 10, 'F72', 'B'
389, 9, 'F71', ''
389, 15, 'HD', ''
389, 1, 'S96', 'B'
389, 2, 'PS', ''
389, 3, 'S46', ''
389, 4, 'S133', ''
389, 5, 'TM', ''
389, 6, 'S47', ''
389, 7, 'LNK', ''
389, 8, 'TM', ''
389, 16, 'F255', ''
389, 17, 'F76', ''
389, 18, 'F77', ''
389, 19, 'F78', ''
390, 6, 'F27', ''
390, 5, 'LNK', ''
390, 4, 'F25', ''
390, 3, 'LNK', ''
390, 2, 'DISF13', ''
390, 1, 'F45', ''
390, 7, 'F232', ''
391, 1, 'F108', ''
392, 1, 'F45', ''
392, 2, 'DISF13', ''
392, 3, 'F22', ''
393, 1, 'F17', ''
394, 1, 'F48', ''
395, 1, 'F140', ''
396, 2, 'M8', ''
396, 1, 'EX', ''
397, 1, 'PS', ''
397, 2, 'S7', ''
397, 3, 'HD', ''
397, 4, 'S71', ''
397, 5, 'DISS2', ''
397, 6, 'LNK', ''
397, 7, 'S43', ''
397, 8, 'TM', ''
398, 5, 'S26', ''
398, 4, 'S71', ''
398, 3, 'HD', ''
398, 2, 'S7', ''
398, 1, 'PS', ''
399, 1, 'DISF29', ''
399, 2, 'F80', ''
400, 1, 'M1', ''
401, 5, 'F70', ''
401, 4, 'F20', ''
401, 3, 'F58', 'A'
401, 2, 'F51', ''
401, 1, 'F64', ''
402, 1, 'F87', ''
402, 2, 'F86', ''
402, 3, 'F88', ''
402, 4, 'F56', ''
402, 5, 'F92', ''
403, 3, 'S76', ''
403, 2, 'S51', ''
403, 1, 'S53', ''
404, 1, 'F120', ''
405, 1, 'F121', ''
406, 1, 'F11', ''
407, 1, 'DISF23', ''
407, 3, 'DISF26', ''
407, 2, 'F6', ''
408, 1, 'M7', ''
409, 1, 'PS', ''
409, 2, 'S12', 'A'
409, 3, 'TM', ''
409, 4, 'S41', ''
410, 1, 'F239', ''
411, 1, 'F34', ''
412, 2, 'S70', ''
412, 1, 'TM', ''
413, 2, 'S69', ''
413, 1, 'TM', ''
414, 4, 'F20', 'D'
414, 1, 'F19', ''
414, 2, 'F51', ''
414, 3, 'F68', ''
414, 5, 'F69', ''
415, 1, 'F155', ''
416, 13, 'S120', ''
416, 12, 'TM', ''
416, 11, 'S119', ''
416, 10, 'TM', ''
416, 9, 'S28', ''
416, 8, 'TM', ''
416, 7, 'ITM', ''
416, 6, 'TM', ''
416, 5, 'S118', ''
416, 4, 'TM', ''
416, 3, 'S68', ''
416, 2, 'S55', ''
416, 1, 'PS', ''
417, 3, 'F152', ''
417, 2, 'F148', ''
417, 1, 'F151', ''
418, 3, 'F150', ''
418, 2, 'F148', ''
418, 1, 'F149', ''
419, 1, 'UNK', ''
420, 1, 'F153', ''
421, 3, 'F150', ''
421, 2, 'F148', ''
421, 1, 'F149', ''
422, 3, 'TM', ''
422, 2, 'S5', ''
422, 1, 'PS', ''
422, 4, 'S24', ''
423, 1, 'F154', ''
424, 2, 'S5', ''
424, 3, 'TM', ''
424, 1, 'PS', ''
424, 4, 'S24', ''
425, 1, 'F154', ''
426, 1, 'F154', ''
427, 1, 'PS', ''
427, 2, 'S5', ''
427, 3, 'TM', ''
427, 4, 'S24', ''
428, 1, 'F153', ''
429, 1, 'F149', ''
429, 2, 'F148', ''
429, 3, 'F150', ''
430, 1, 'F114', ''
431, 1, 'F115', ''
432, 2, 'F30', ''
432, 1, 'F113', ''
433, 1, 'PS', ''
433, 2, 'S50', ''
433, 3, 'LNK', ''
433, 4, 'TM', ''
434, 1, 'F112', ''
435, 1, 'EX', ''
435, 2, 'TM', ''
435, 3, 'LNK', ''
435, 4, 'S48', ''
436, 3, 'S22', ''
436, 2, 'TM', ''
436, 1, 'S21', ''
437, 1, 'M11', ''
437, 2, 'M12', ''
438, 1, 'F118', ''
439, 1, 'F119', ''
440, 1, 'F253', ''
440, 2, 'F254', ''
440, 3, 'F197', ''
440, 4, 'F200', ''
440, 5, 'F209', ''
440, 6, 'F203', ''
440, 7, 'F250', ''
440, 8, 'F202', ''
440, 9, 'TM', ''
440, 10, 'F196', ''
440, 11, 'F195', ''
440, 12, 'F184', ''
440, 13, 'F185', 'A'
440, 14, 'F186', ''
440, 15, 'F187', ''
440, 16, 'F188', ''
440, 17, 'F189', 'A'
440, 18, 'F190', 'A'
440, 19, 'F191', ''
440, 20, 'F192', 'A'
440, 21, 'F193', ''
441, 1, 'F253', ''
441, 2, 'F254', ''
441, 3, 'F197', ''
441, 4, 'F200', ''
441, 5, 'F209', ''
441, 6, 'F203', ''
441, 7, 'F250', ''
441, 8, 'F202', ''
441, 9, 'TM', ''
441, 10, 'F196', ''
441, 11, 'F195', ''
441, 12, 'F184', ''
441, 13, 'F185', ''
441, 14, 'F186', ''
441, 15, 'F187', ''
441, 16, 'F188', ''
441, 17, 'A', ''
442, 3, 'S90', ''
442, 4, 'TM', ''
442, 2, 'S88', ''
442, 1, 'PS', ''
442, 5, 'UNK', ''
443, 2, 'LNK', ''
443, 1, 'PS', ''
443, 3, 'TM', ''
443, 4, 'S11', ''
444, 1, 'UNK', ''
445, 1, 'LNK', ''
445, 2, 'TM', ''
445, 3, 'S87', 'D'
446, 3, 'ITM', ''
446, 2, 'TM', ''
446, 1, 'UNK', ''
446, 4, 'TM', ''
446, 5, 'ITM', ''
446, 6, 'TM', ''
446, 7, 'M19', ''
447, 1, 'UNK', ''
448, 3, 'TM', ''
448, 2, 'UNK', ''
448, 1, 'PS', ''
449, 1, 'UNK', ''
449, 2, 'F205', ''
449, 3, 'NF', ''
449, 4, 'F206', ''
449, 5, 'UNK', ''
450, 1, 'UNK', ''
451, 2, 'F198', ''
451, 3, 'F204', ''
451, 4, 'F201', ''
451, 5, 'F200', ''
451, 6, 'UNK', ''
451, 7, 'F203', ''
451, 8, 'F199', ''
451, 9, 'F202', ''
451, 10, 'TM', ''
451, 11, 'F196', ''
451, 12, 'F195', ''
451, 13, 'F184', ''
451, 14, 'F185', 'B'
451, 15, 'F186', ''
451, 16, 'F187', ''
451, 17, 'F188', ''
451, 18, 'F189', 'A'
451, 19, 'F190', 'A'
451, 20, 'F191', ''
451, 21, 'F192', 'A'
451, 22, 'F193', ''
451, 1, 'F208', ''
452, 4, 'F201', ''
452, 18, 'A', ''
452, 17, 'F188', ''
452, 16, 'F187', ''
452, 15, 'F186', ''
452, 14, 'F185', 'B'
452, 13, 'F184', ''
452, 12, 'F195', ''
452, 11, 'F196', ''
452, 1, 'F208', ''
452, 2, 'F198', ''
452, 10, 'TM', ''
452, 9, 'F202', ''
452, 8, 'F199', ''
452, 7, 'F203', ''
452, 6, 'UNK', ''
452, 5, 'F200', ''
452, 3, 'F204', ''
453, 2, 'S91', ''
453, 3, 'S89', ''
453, 4, 'S90', ''
453, 5, 'TM', ''
453, 1, 'S92', ''
453, 6, 'UNK', ''
454, 1, 'UNK', ''
455, 1, 'LNK', ''
455, 2, 'TM', ''
455, 3, 'S87', 'B'
456, 3, 'ITM', ''
456, 2, 'TM', ''
456, 1, 'UNK', ''
456, 4, 'TM', ''
456, 5, 'ITM', ''
456, 6, 'TM', ''
456, 7, 'M19', ''
457, 5, 'UNK', ''
457, 4, 'F206', ''
457, 3, 'NF', ''
457, 2, 'F205', ''
457, 1, 'UNK', ''
458, 1, 'UNK', ''
459, 21, 'F192', 'A'
459, 22, 'F193', ''
459, 20, 'F191', ''
459, 19, 'F190', 'A'
459, 18, 'F189', 'A'
459, 17, 'F188', ''
459, 16, 'F187', ''
459, 15, 'F186', ''
459, 14, 'F185', 'B'
459, 13, 'F184', ''
459, 12, 'F195', ''
459, 11, 'F196', ''
459, 10, 'TM', ''
459, 9, 'F202', ''
459, 8, 'F252', ''
459, 7, 'F203', ''
459, 6, 'F251', ''
459, 5, 'F200', ''
459, 4, 'F201', ''
459, 3, 'F204', ''
459, 2, 'F198', ''
459, 1, 'F208', ''
460, 5, 'TM', ''
460, 4, 'S90', ''
460, 3, 'S89', ''
460, 6, 'UNK', ''
460, 2, 'S91', ''
460, 1, 'S92', ''
461, 1, 'UNK', ''
462, 3, 'S87', 'C'
462, 2, 'TM', ''
462, 1, 'LNK', ''
463, 3, 'ITM', ''
463, 2, 'TM', ''
463, 1, 'UNK', ''
463, 4, 'TM', ''
463, 5, 'ITM', ''
463, 6, 'TM', ''
463, 7, 'M19', ''
464, 1, 'UNK', ''
464, 2, 'F205', ''
464, 3, 'NF', ''
464, 4, 'F206', ''
464, 5, 'UNK', ''
465, 1, 'F208', ''
465, 2, 'F198', ''
465, 3, 'F204', ''
465, 4, 'F201', ''
465, 5, 'F200', ''
465, 6, 'F251', ''
465, 7, 'F203', ''
465, 8, 'F252', ''
465, 9, 'F202', ''
465, 10, 'TM', ''
465, 11, 'F196', ''
465, 12, 'F195', ''
465, 13, 'F184', ''
465, 14, 'F185', 'B'
465, 15, 'F186', ''
465, 16, 'F187', ''
465, 17, 'F188', ''
465, 18, 'F189', 'A'
465, 19, 'F190', 'A'
465, 20, 'F191', ''
465, 21, 'F192', 'A'
465, 22, 'F193', ''
466, 1, 'F208', ''
466, 2, 'F198', ''
466, 3, 'F204', ''
466, 4, 'F201', ''
466, 5, 'F200', ''
466, 6, 'F251', ''
466, 7, 'F203', ''
466, 8, 'F252', ''
466, 9, 'F202', ''
466, 10, 'TM', ''
466, 11, 'F196', ''
466, 12, 'F195', ''
466, 13, 'F184', ''
466, 14, 'F185', 'B'
466, 15, 'F186', ''
466, 16, 'F187', ''
466, 17, 'F188', ''
466, 18, 'A', ''
467, 5, 'UNK', ''
467, 4, 'TM', ''
467, 3, 'S90', ''
467, 2, 'S89', ''
467, 1, 'S91', ''
468, 1, 'UNK', ''
469, 1, 'UNK', ''
470, 3, 'S87', 'C'
470, 2, 'TM', ''
470, 1, 'LNK', ''
471, 3, 'ITM', ''
471, 2, 'TM', ''
471, 1, 'UNK', ''
471, 4, 'TM', ''
471, 5, 'ITM', ''
471, 6, 'TM', ''
471, 7, 'M19', ''
472, 1, 'UNK', ''
472, 2, 'F205', ''
472, 3, 'NF', ''
472, 4, 'F206', ''
472, 5, 'UNK', ''
473, 21, 'F193', ''
473, 20, 'F192', 'A'
473, 19, 'F191', ''
473, 18, 'F190', 'A'
473, 17, 'F189', 'A'
473, 16, 'F188', ''
473, 15, 'F187', ''
473, 14, 'F186', ''
473, 13, 'F185', 'A'
473, 12, 'F184', ''
473, 11, 'F195', ''
473, 10, 'F196', ''
473, 9, 'TM', ''
473, 8, 'F202', ''
473, 7, 'F247', ''
473, 6, 'F203', ''
473, 5, 'UNK', ''
473, 4, 'F200', ''
473, 3, 'F246', ''
473, 2, 'F245', ''
473, 1, 'F194', ''
474, 17, 'A', ''
474, 16, 'F188', ''
474, 15, 'F187', ''
474, 14, 'F186', ''
474, 13, 'F185', 'A'
474, 12, 'F184', ''
474, 11, 'F195', ''
474, 10, 'F196', ''
474, 9, 'TM', ''
474, 8, 'F202', ''
474, 7, 'F247', ''
474, 6, 'F203', ''
474, 5, 'UNK', ''
474, 4, 'F200', ''
474, 3, 'F246', ''
474, 2, 'F245', ''
474, 1, 'F194', ''
475, 3, 'S90', ''
475, 4, 'TM', ''
475, 5, 'UNK', ''
475, 2, 'S89', ''
475, 1, 'S93', ''
476, 1, 'UNK', ''
477, 1, 'UNK', ''
478, 1, 'UNK', ''
479, 7, 'M19', ''
479, 6, 'TM', ''
479, 5, 'ITM', ''
479, 4, 'TM', ''
479, 3, 'ITM', ''
479, 2, 'TM', ''
479, 1, 'UNK', ''
480, 1, 'UNK', ''
481, 1, 'UNK', ''
482, 1, 'UNK', ''
482, 2, 'F205', ''
482, 3, 'NF', ''
482, 4, 'F206', ''
482, 5, 'UNK', ''
483, 22, 'F193', ''
483, 21, 'F192', 'A'
483, 20, 'F191', ''
483, 19, 'F190', 'A'
483, 18, 'F189', 'A'
483, 17, 'F188', ''
483, 16, 'F187', ''
483, 15, 'F186', ''
483, 14, 'F185', 'A'
483, 13, 'F184', ''
483, 12, 'F195', ''
483, 11, 'F196', ''
483, 10, 'TM', ''
483, 9, 'F202', ''
483, 8, 'F250', ''
483, 7, 'F203', ''
483, 6, 'F249', ''
483, 5, 'F200', ''
483, 4, 'F248', ''
483, 3, 'F197', ''
483, 2, 'F240', ''
483, 1, 'F233', ''
484, 18, 'A', ''
484, 17, 'F188', ''
484, 16, 'F187', ''
484, 15, 'F186', ''
484, 14, 'F185', 'A'
484, 13, 'F184', ''
484, 12, 'F195', ''
484, 11, 'F196', ''
484, 10, 'TM', ''
484, 9, 'F202', ''
484, 8, 'F250', ''
484, 7, 'F203', ''
484, 6, 'F249', ''
484, 5, 'F200', ''
484, 4, 'F248', ''
484, 3, 'F197', ''
484, 2, 'F240', ''
484, 1, 'F233', ''
485, 1, 'UNK', ''
486, 1, 'F40', ''
487, 4, 'TM', ''
487, 3, 'S90', ''
487, 2, 'S88', ''
487, 1, 'PS', ''
487, 5, 'UNK', ''
488, 1, 'UNK', ''
489, 1, 'UNK', ''
490, 1, 'LNK', ''
490, 2, 'TM', ''
490, 3, 'S87', 'A'
491, 3, 'ITM', ''
491, 2, 'TM', ''
491, 1, 'UNK', ''
491, 4, 'TM', ''
491, 5, 'ITM', ''
491, 6, 'TM', ''
491, 7, 'M19', ''
492, 1, 'UNK', ''
492, 2, 'F205', ''
492, 3, 'NF', ''
492, 4, 'F206', ''
492, 5, 'F207', ''
493, 1, 'UNK', ''
494, 22, 'F193', ''
494, 21, 'F192', 'A'
494, 20, 'F191', ''
494, 19, 'F190', 'A'
494, 18, 'F189', 'A'
494, 17, 'F188', ''
494, 16, 'F187', ''
494, 15, 'F186', ''
494, 14, 'F185', 'A'
494, 13, 'F184', ''
494, 12, 'F195', ''
494, 11, 'F196', ''
494, 10, 'TM', ''
494, 9, 'F202', ''
494, 8, 'F250', ''
494, 7, 'F203', ''
494, 6, 'F249', ''
494, 5, 'F200', ''
494, 4, 'F248', ''
494, 3, 'F197', ''
494, 2, 'F240', ''
494, 1, 'F233', ''
495, 18, 'A', ''
495, 17, 'F188', ''
495, 16, 'F187', ''
495, 15, 'F186', ''
495, 14, 'F185', 'A'
495, 13, 'F184', ''
495, 12, 'F195', ''
495, 11, 'F196', ''
495, 10, 'TM', ''
495, 9, 'F202', ''
495, 8, 'F250', ''
495, 7, 'F203', ''
495, 6, 'F249', ''
495, 5, 'F200', ''
495, 4, 'F248', ''
495, 3, 'F197', ''
495, 2, 'F240', ''
495, 1, 'F233', ''
496, 1, 'UNK', ''
497, 2, 'F40', ''
497, 1, 'F41', ''
498, 4, 'TM', ''
498, 3, 'S90', ''
498, 2, 'S88', ''
498, 1, 'PS', ''
498, 5, 'UNK', ''
499, 1, 'UNK', ''
500, 1, 'UNK', ''
501, 1, 'UNK', ''
502, 1, 'LNK', ''
502, 2, 'TM', ''
502, 3, 'S87', 'A'
503, 3, 'ITM', ''
503, 2, 'TM', ''
503, 1, 'UNK', ''
503, 4, 'TM', ''
503, 5, 'ITM', ''
503, 6, 'TM', ''
503, 7, 'M19', ''
504, 5, 'F207', ''
504, 4, 'F206', ''
504, 3, 'NF', ''
504, 2, 'F205', ''
504, 1, 'UNK', ''
505, 1, 'UNK', ''
506, 36, 'TM', ''
506, 35, 'F230', ''
506, 34, 'F229', ''
506, 33, 'TM', ''
506, 32, 'F227', ''
506, 31, 'HD', ''
506, 30, 'IHD', ''
506, 29, 'HD', ''
506, 28, 'IHD', ''
506, 27, 'HD', ''
506, 26, 'IHD', ''
506, 25, 'HD', ''
506, 24, 'IHD', ''
506, 23, 'HD', ''
506, 22, 'F231', ''
506, 21, 'F226', ''
506, 20, 'HD', ''
506, 19, 'EX', ''
506, 18, 'F219', ''
506, 17, 'F216', ''
506, 16, 'F225', ''
506, 15, 'TM', ''
506, 14, 'EX', ''
506, 13, 'EX', ''
506, 12, 'TM', ''
506, 11, 'ITM', ''
506, 10, 'TM', ''
506, 9, 'EX', ''
506, 8, 'EX', ''
506, 7, 'TM', ''
506, 6, 'S108', ''
506, 5, 'TM', ''
506, 4, 'S103', ''
506, 3, 'TM', ''
506, 2, 'S101', ''
506, 1, 'S102', ''
507, 1, 'UNK', ''
508, 1, 'S98', ''
508, 2, 'PS', ''
508, 3, 'S46', ''
508, 4, 'S133', ''
508, 5, 'TM', ''
508, 6, 'S47', ''
508, 7, 'LNK', ''
508, 8, 'TM', ''
508, 9, 'F71', ''
508, 10, 'F72', 'B'
508, 11, 'F73', ''
508, 12, 'F74', ''
508, 13, 'F79', ''
508, 16, 'F255', ''
508, 15, 'HD', ''
508, 14, 'F75', ''
508, 17, 'F76', ''
508, 18, 'F77', ''
508, 19, 'F78', ''
509, 17, 'F76', ''
509, 19, 'F78', ''
509, 1, 'S98', ''
509, 16, 'F255', ''
509, 15, 'HD', ''
509, 2, 'PS', ''
509, 3, 'S46', ''
509, 4, 'S133', ''
509, 5, 'TM', ''
509, 6, 'S47', ''
509, 18, 'F77', ''
509, 7, 'LNK', ''
509, 8, 'TM', ''
509, 9, 'F71', ''
509, 10, 'F72', 'B'
509, 11, 'F73', ''
509, 12, 'F74', ''
509, 13, 'F79', ''
509, 14, 'F75', ''
510, 1, 'F235', ''
510, 2, 'DISS4', ''
510, 3, 'TM', ''
510, 4, 'S99', ''
510, 5, 'PS', ''
510, 6, 'S23', ''
510, 7, 'TM', ''
510, 8, 'S16', ''
510, 9, 'TM', ''
510, 10, 'TM', ''
510, 11, 'F276', ''
510, 12, 'F4', ''
510, 13, 'F219', ''
510, 14, 'F273', ''
510, 15, 'F274', ''
510, 16, 'F275', ''
510, 17, 'F166', ''
510, 18, 'F168', ''
510, 19, 'TM', ''
511, 1, 'S45', ''
511, 2, 'PS', ''
511, 3, 'S46', ''
511, 4, 'S136', ''
511, 5, 'TM', ''
511, 6, 'S100', ''
511, 7, 'TM', ''
511, 8, 'F71', ''
511, 9, 'F215', ''
511, 10, 'F218', ''
511, 11, 'F74', ''
511, 12, 'F79', ''
511, 13, 'F256', ''
511, 14, 'HD', ''
511, 15, 'F255', ''
511, 16, 'F257', ''
511, 17, 'F77', ''
511, 18, 'F78', ''
512, 17, 'F76', ''
512, 16, 'F255', ''
512, 15, 'HD', ''
512, 14, 'F75', ''
512, 13, 'F79', ''
512, 12, 'F74', ''
512, 11, 'F73', ''
512, 10, 'F72', 'C'
512, 9, 'F71', ''
512, 8, 'TM', ''
512, 7, 'LNK', ''
512, 6, 'S47', ''
512, 5, 'TM', ''
512, 4, 'S133', ''
512, 3, 'S46', ''
512, 2, 'PS', ''
512, 1, 'S96', 'B'
512, 18, 'F77', ''
512, 19, 'F78', ''
513, 17, 'F229', ''
513, 16, 'F228', ''
513, 15, 'F243', ''
513, 14, 'F219', ''
513, 13, 'F216', ''
513, 12, 'UNK', ''
513, 11, 'UNK', ''
513, 10, 'TM', ''
513, 9, 'ITM', ''
513, 8, 'TM', ''
513, 7, 'UNK', ''
513, 6, 'TM', ''
513, 18, 'F230', ''
513, 5, 'ITM', ''
513, 4, 'TM', ''
513, 3, 'S103', ''
513, 2, 'TM', ''
513, 1, 'S101', ''
513, 19, 'TM', ''
514, 19, 'TM', ''
514, 18, 'F168', ''
514, 17, 'F166', ''
514, 16, 'F275', ''
514, 15, 'F274', ''
514, 14, 'F273', ''
514, 13, 'F219', ''
514, 12, 'F4', ''
514, 11, 'F276', ''
514, 10, 'TM', ''
514, 9, 'TM', ''
514, 8, 'S16', ''
514, 7, 'TM', ''
514, 6, 'S23', ''
514, 5, 'PS', ''
514, 4, 'S99', ''
514, 3, 'TM', ''
514, 2, 'DISS4', ''
514, 1, 'F235', ''
515, 2, 'DISS4', ''
515, 3, 'TM', ''
515, 4, 'S99', ''
515, 5, 'PS', ''
515, 6, 'S23', ''
515, 7, 'TM', ''
515, 8, 'S16', ''
515, 9, 'TM', ''
515, 10, 'TM', ''
515, 11, 'F276', ''
515, 12, 'F4', ''
515, 1, 'F235', ''
515, 13, 'F219', ''
515, 14, 'F273', ''
515, 15, 'F274', ''
515, 16, 'F275', ''
515, 17, 'F166', ''
515, 18, 'F168', ''
515, 19, 'TM', ''
516, 18, 'F77', ''
516, 17, 'F76', ''
516, 16, 'F255', ''
516, 15, 'HD', ''
516, 14, 'F75', ''
516, 13, 'F79', ''
516, 12, 'F74', ''
516, 11, 'F217', ''
516, 10, 'F72', 'A'
516, 9, 'F71', ''
516, 8, 'TM', ''
516, 7, 'LNK', ''
516, 6, 'S47', ''
516, 5, 'TM', ''
516, 4, 'S133', ''
516, 3, 'S46', ''
516, 2, 'PS', ''
516, 1, 'S96', 'A'
516, 19, 'F78', ''
517, 6, 'F219', ''
517, 11, 'TM', ''
517, 10, 'F230', ''
517, 9, 'F229', ''
517, 5, 'F216', ''
517, 8, 'F228', ''
517, 7, 'F242', ''
517, 4, 'UNK', ''
517, 3, 'UNK', ''
517, 2, 'UNK', ''
517, 1, 'PS', ''
518, 18, 'F77', ''
518, 17, 'F76', ''
518, 16, 'F255', ''
518, 15, 'HD', ''
518, 14, 'F75', ''
518, 13, 'F79', ''
518, 12, 'F74', ''
518, 11, 'F217', ''
518, 10, 'F72', 'A'
518, 9, 'F71', ''
518, 8, 'TM', ''
518, 7, 'LNK', ''
518, 6, 'S47', ''
518, 5, 'TM', ''
518, 4, 'S133', ''
518, 3, 'S46', ''
518, 2, 'PS', ''
518, 1, 'S96', 'A'
518, 19, 'F78', ''
519, 3, 'UNK', ''
519, 4, 'UNK', ''
519, 5, 'UNK', ''
519, 6, 'F216', ''
519, 7, 'F219', ''
519, 8, 'F242', ''
519, 2, 'PS', ''
519, 1, 'EX', ''
519, 9, 'F228', ''
519, 10, 'F229', ''
519, 11, 'F230', ''
519, 12, 'TM', ''
520, 15, 'F274', ''
520, 14, 'F273', ''
520, 13, 'F219', ''
520, 12, 'F4', ''
520, 11, 'F276', ''
520, 10, 'TM', ''
520, 16, 'F275', ''
520, 9, 'TM', ''
520, 17, 'F166', ''
520, 8, 'S16', ''
520, 18, 'F168', ''
520, 7, 'TM', ''
520, 19, 'TM', ''
520, 6, 'S23', ''
520, 5, 'PS', ''
520, 4, 'S99', ''
520, 3, 'TM', ''
520, 2, 'DISS4', ''
520, 1, 'F235', ''
521, 19, 'F78', ''
521, 18, 'F77', ''
521, 17, 'F76', ''
521, 16, 'F255', ''
521, 15, 'HD', ''
521, 14, 'F75', ''
521, 13, 'F79', ''
521, 12, 'F74', ''
521, 11, 'F217', ''
521, 10, 'F72', 'A'
521, 9, 'F71', ''
521, 8, 'TM', ''
521, 7, 'LNK', ''
521, 6, 'S47', ''
521, 5, 'TM', ''
521, 4, 'S133', ''
521, 3, 'S46', ''
521, 2, 'PS', ''
521, 1, 'S96', 'A'
522, 17, 'F76', ''
522, 16, 'F255', ''
522, 15, 'HD', ''
522, 14, 'F75', ''
522, 13, 'F79', ''
522, 12, 'F74', ''
522, 11, 'F217', ''
522, 10, 'F72', 'A'
522, 9, 'F71', ''
522, 1, 'S96', 'A'
522, 2, 'PS', ''
522, 3, 'S46', ''
522, 4, 'S133', ''
522, 5, 'TM', ''
522, 6, 'S47', ''
522, 7, 'LNK', ''
522, 8, 'TM', ''
522, 18, 'F77', ''
522, 19, 'F78', ''
523, 18, 'F77', ''
523, 17, 'F76', ''
523, 16, 'F255', ''
523, 15, 'HD', ''
523, 14, 'F75', ''
523, 13, 'F79', ''
523, 12, 'F74', ''
523, 11, 'F217', ''
523, 9, 'F71', ''
523, 10, 'F72', 'A'
523, 8, 'TM', ''
523, 7, 'LNK', ''
523, 6, 'S47', ''
523, 5, 'TM', ''
523, 4, 'S133', ''
523, 3, 'S46', ''
523, 2, 'PS', ''
523, 1, 'S96', 'A'
523, 19, 'F78', ''
524, 1, 'S94', ''
524, 2, 'PS', ''
524, 3, 'S95', ''
524, 4, 'S134', ''
524, 5, 'TM', ''
524, 6, 'S47', ''
524, 7, 'LNK', ''
524, 8, 'TM', ''
524, 9, 'F211', ''
524, 10, 'F212', ''
524, 11, 'F213', ''
524, 12, 'F74', ''
524, 13, 'F79', ''
524, 14, 'F210', ''
524, 15, 'HD', ''
524, 16, 'F258', ''
524, 17, 'F214', ''
524, 18, 'F77', ''
524, 19, 'F78', ''
525, 10, 'F230', ''
525, 9, 'F229', ''
525, 8, 'F228', ''
525, 7, 'F242', ''
525, 6, 'F219', ''
525, 5, 'F216', ''
525, 11, 'TM', ''
525, 4, 'UNK', ''
525, 3, 'UNK', ''
525, 2, 'UNK', ''
525, 1, 'PS', ''
526, 1, 'S97', ''
526, 2, 'PS', ''
526, 3, 'S46', ''
526, 4, 'S133', ''
526, 5, 'TM', ''
526, 6, 'S47', ''
526, 7, 'LNK', ''
526, 8, 'TM', ''
526, 9, 'F71', ''
526, 10, 'F72', 'D'
526, 11, 'F217', ''
526, 12, 'F74', ''
526, 13, 'F79', ''
526, 14, 'F75', ''
526, 15, 'HD', ''
526, 16, 'F255', ''
526, 17, 'F76', ''
526, 18, 'F77', ''
526, 19, 'F78', ''
527, 1, 'S97', ''
527, 2, 'PS', ''
527, 3, 'S46', ''
527, 4, 'S133', ''
527, 5, 'TM', ''
527, 6, 'S47', ''
527, 7, 'LNK', ''
527, 8, 'TM', ''
527, 9, 'F71', ''
527, 10, 'F72', 'D'
527, 11, 'F217', ''
527, 12, 'F74', ''
527, 13, 'F79', ''
527, 14, 'F75', ''
527, 15, 'HD', ''
527, 16, 'F255', ''
527, 17, 'F76', ''
527, 18, 'F77', ''
527, 19, 'F78', ''
528, 2, 'PS', ''
528, 17, 'F76', ''
528, 16, 'F255', ''
528, 15, 'HD', ''
528, 14, 'F75', ''
528, 13, 'F79', ''
528, 12, 'F74', ''
528, 11, 'F217', ''
528, 10, 'F72', 'D'
528, 9, 'F71', ''
528, 8, 'TM', ''
528, 7, 'LNK', ''
528, 6, 'S47', ''
528, 5, 'TM', ''
528, 4, 'S133', ''
528, 3, 'S46', ''
528, 1, 'S97', ''
528, 18, 'F77', ''
528, 19, 'F78', ''
529, 19, 'F78', ''
529, 7, 'LNK', ''
529, 11, 'F217', ''
529, 10, 'F72', 'A'
529, 9, 'F71', ''
529, 8, 'TM', ''
529, 1, 'S96', 'A'
529, 2, 'PS', ''
529, 3, 'S46', ''
529, 4, 'S133', ''
529, 5, 'TM', ''
529, 6, 'S47', ''
529, 12, 'F74', ''
529, 13, 'F79', ''
529, 14, 'F75', ''
529, 18, 'F77', ''
529, 17, 'F76', ''
529, 15, 'HD', ''
529, 16, 'F255', ''
530, 19, 'F78', ''
530, 18, 'F77', ''
530, 17, 'F76', ''
530, 16, 'F255', ''
530, 15, 'HD', ''
530, 14, 'F75', ''
530, 13, 'F79', ''
530, 12, 'F74', ''
530, 11, 'F217', ''
530, 10, 'F72', 'D'
530, 9, 'F71', ''
530, 8, 'TM', ''
530, 7, 'LNK', ''
530, 6, 'S47', ''
530, 5, 'TM', ''
530, 4, 'S133', ''
530, 3, 'S46', ''
530, 2, 'PS', ''
530, 1, 'S97', ''
531, 19, 'TM', ''
531, 18, 'F168', ''
531, 17, 'F166', ''
531, 16, 'F275', ''
531, 15, 'F274', ''
531, 14, 'F273', ''
531, 13, 'F219', ''
531, 12, 'F4', ''
531, 11, 'F276', ''
531, 10, 'TM', ''
531, 9, 'TM', ''
531, 8, 'S16', ''
531, 7, 'TM', ''
531, 6, 'S23', ''
531, 5, 'PS', ''
531, 4, 'S99', ''
531, 3, 'TM', ''
531, 2, 'DISS4', ''
531, 1, 'F235', ''
532, 15, 'F274', ''
532, 14, 'F273', ''
532, 13, 'F219', ''
532, 12, 'F4', ''
532, 11, 'F276', ''
532, 16, 'F275', ''
532, 10, 'TM', ''
532, 17, 'F166', ''
532, 9, 'TM', ''
532, 18, 'F168', ''
532, 8, 'S16', ''
532, 19, 'TM', ''
532, 7, 'TM', ''
532, 6, 'S23', ''
532, 5, 'PS', ''
532, 4, 'S99', ''
532, 3, 'TM', ''
532, 2, 'DISS4', ''
532, 1, 'F235', ''
533, 18, 'F192', 'B'
533, 19, 'F234', ''
533, 17, 'F190', 'B'
533, 1, 'F39', ''
533, 2, 'F220', ''
533, 3, 'UNK', ''
533, 4, 'F221', ''
533, 5, 'UNK', ''
533, 6, 'HD', ''
533, 16, 'F189', 'B'
533, 15, 'F244', ''
533, 14, 'UNK', ''
533, 13, 'HD', ''
533, 12, 'F223', ''
533, 11, 'F224', ''
533, 9, 'F222', ''
533, 8, 'HD', ''
533, 7, 'F38', ''
533, 10, 'HD', ''
535, 1, 'S104', ''
536, 1, 'PS', ''
536, 2, 'S105', ''
537, 1, 'S106', ''
538, 1, 'S107', ''
539, 7, 'S115', ''
539, 6, 'TM', ''
539, 5, 'ITM', ''
539, 4, 'TM', ''
539, 3, 'ITM', ''
539, 2, 'TM', ''
539, 1, 'EX', ''
540, 1, 'DIS', ''
540, 2, 'M6', ''
541, 9, 'F224', ''
541, 7, 'F222', ''
541, 10, 'F223', ''
541, 1, 'F37', ''
541, 8, 'HD', ''
541, 3, 'UNK', ''
541, 4, 'HD', ''
541, 5, 'F38', ''
541, 6, 'HD', ''
541, 11, 'HD', ''
541, 12, 'UNK', ''
541, 13, 'F244', ''
541, 2, 'F221', ''
541, 17, 'F272', ''
541, 16, 'F192', 'B'
541, 15, 'F190', ''
541, 14, 'F189', 'B'
543, 3, 'EX', ''
543, 2, 'TM', ''
543, 1, 'EX', ''
544, 4, 'EX', ''
544, 3, 'TM', ''
544, 2, 'S131', ''
544, 1, 'PS', ''
545, 1, 'PS', ''
545, 2, 'S123', ''
545, 3, 'TM', ''
546, 1, 'PS', ''
546, 2, 'S126', ''
546, 3, 'TM', ''
547, 1, 'PS', ''
547, 2, 'S112', ''
548, 1, 'EX', ''
548, 2, 'TM', ''
548, 3, 'ITM', ''
548, 4, 'TM', ''
548, 5, 'ITM', ''
548, 6, 'TM', ''
548, 7, 'S115', ''
549, 1, 'IC2', ''
550, 18, 'F44', ''
550, 17, 'F192', 'B'
550, 16, 'F190', ''
550, 15, 'F189', ''
550, 14, 'F244', ''
550, 13, 'UNK', ''
550, 12, 'HD', ''
550, 11, 'F223', ''
550, 10, 'F224', ''
550, 9, 'HD', ''
550, 8, 'F222', ''
550, 7, 'HD', ''
550, 6, 'F38', ''
550, 5, 'HD', ''
550, 4, 'UNK', ''
550, 3, 'F221', ''
550, 2, 'F220', ''
550, 1, 'F39', ''
552, 1, 'S104', ''
553, 1, 'PS', ''
553, 2, 'S105', ''
554, 1, 'S106', ''
555, 1, 'S107', ''
556, 7, 'S115', ''
556, 6, 'TM', ''
556, 5, 'ITM', ''
556, 4, 'TM', ''
556, 3, 'ITM', ''
556, 2, 'TM', ''
556, 1, 'EX', ''
557, 2, 'M6', ''
557, 1, 'DIS', ''
558, 19, 'F271', ''
558, 18, 'F192', 'B'
558, 17, 'F190', ''
558, 16, 'F189', 'B'
558, 15, 'F244', ''
558, 14, 'UNK', ''
558, 13, 'HD', ''
558, 12, 'F223', ''
558, 11, 'F224', ''
558, 10, 'HD', ''
558, 9, 'F222', ''
558, 8, 'HD', ''
558, 7, 'F38', ''
558, 6, 'HD', ''
558, 5, 'UNK', ''
558, 4, 'F221', ''
558, 3, 'UNK', ''
558, 2, 'F220', ''
558, 1, 'F270', ''
560, 1, 'PS', ''
560, 2, 'S127', ''
560, 3, 'TM', ''
560, 4, 'EX', ''
561, 3, 'TM', ''
561, 2, 'S128', ''
561, 1, 'PS', ''
562, 1, 'S132', ''
562, 2, 'TM', ''
563, 1, 'PS', ''
563, 2, 'S129', ''
563, 3, 'TM', ''
563, 4, 'EX', ''
564, 1, 'PS', ''
564, 2, 'S130', ''
564, 3, 'TM', ''
565, 1, 'IC15', ''
566, 1, 'S107', ''
567, 7, 'S115', ''
567, 6, 'TM', ''
567, 5, 'ITM', ''
567, 4, 'TM', ''
567, 3, 'ITM', ''
567, 2, 'TM', ''
567, 1, 'EX', ''
568, 1, 'IC2', ''
569, 1, 'F1', ''
569, 2, 'F2', ''
569, 3, 'DISF5', ''
570, 6, 'F157', ''
570, 5, 'LNK', ''
570, 4, 'F23', ''
570, 3, 'LNK', ''
570, 2, 'DISF19', ''
570, 1, 'F47', ''
571, 1, 'M5', ''
572, 1, 'PS', ''
572, 2, 'S12', 'B'
572, 3, 'TM', ''
572, 4, 'S35', ''
573, 4, 'S42', ''
573, 3, 'S81', ''
573, 2, 'TM', ''
573, 1, 'EX', ''
574, 4, 'F20', 'A'
574, 5, 'F21', ''
574, 1, 'F50', ''
574, 2, 'F51', ''
574, 3, 'F58', 'B'
575, 1, 'UNK', ''
575, 2, 'F51', ''
575, 3, 'UNK', ''
576, 1, 'UNK', ''
577, 1, 'UNK', ''
578, 1, 'UNK', ''
579, 1, 'UNK', ''
580, 1, 'UNK', ''
581, 1, 'F164', ''
582, 1, 'M11', ''
582, 2, 'M13', ''
583, 2, 'S19', ''
583, 1, 'TM', ''
584, 1, 'F115', ''
585, 1, 'F114', ''
586, 1, 'F113', ''
586, 2, 'F30', ''
587, 1, 'PS', ''
587, 2, 'S50', ''
587, 3, 'LNK', ''
587, 4, 'TM', ''
588, 1, 'F111', ''
588, 2, 'F112', ''
589, 3, 'S6', ''
589, 2, 'TM', ''
589, 1, 'EX', ''
590, 1, 'EX', ''
590, 2, 'TM', ''
590, 3, 'LNK', ''
590, 4, 'S48', ''
591, 1, 'F110', ''
592, 1, 'F115', ''
593, 1, 'F114', ''
594, 2, 'F30', ''
594, 1, 'F113', ''
595, 1, 'PS', ''
595, 2, 'S50', ''
595, 3, 'LNK', ''
595, 4, 'TM', ''
596, 1, 'F111', ''
596, 2, 'F112', ''
597, 3, 'S6', ''
597, 2, 'TM', ''
597, 1, 'EX', ''
598, 1, 'EX', ''
598, 2, 'TM', ''
598, 3, 'LNK', ''
598, 4, 'S48', ''
599, 1, 'M11', ''
599, 2, 'M13', ''
600, 2, 'S19', ''
600, 1, 'TM', ''
601, 1, 'F110', ''
602, 1, 'F112', ''
603, 1, 'F118', ''
604, 1, 'F119', ''
605, 1, 'S21', ''
605, 2, 'TM', ''
605, 3, 'S22', ''
606, 1, 'M11', ''
606, 2, 'M12', ''
607, 1, 'PS', ''
607, 2, 'S50', ''
607, 3, 'LNK', ''
607, 4, 'TM', ''
608, 4, 'S48', ''
608, 3, 'LNK', ''
608, 2, 'TM', ''
608, 1, 'EX', ''
609, 1, 'F114', ''
610, 1, 'F115', ''
611, 2, 'F30', ''
611, 1, 'F113', ''
612, 3, 'DISF4', ''
612, 2, 'F2', ''
612, 1, 'F1', ''
613, 1, 'F81', ''
613, 2, 'F160', ''
614, 2, 'DISF21', ''
614, 3, 'LNK', ''
614, 4, 'F236', ''
614, 1, 'F237', ''
614, 5, 'LNK', ''
614, 6, 'F238', ''
615, 2, 'DISF21', ''
615, 1, 'F237', ''
615, 3, 'LNK', ''
615, 4, 'F22', ''
616, 1, 'M5', ''
617, 4, 'S109', ''
617, 3, 'TM', ''
617, 2, 'S12', ''
617, 1, 'PS', ''
618, 3, 'S110', ''
618, 4, 'S42', ''
618, 1, 'EX', ''
618, 2, 'TM', ''
619, 5, 'F12', ''
619, 4, 'F20', 'A'
619, 3, 'F58', 'B'
619, 2, 'F51', ''
619, 1, 'F50', ''
620, 1, 'M14', ''
620, 2, 'S122', ''
620, 3, 'S121', ''
620, 4, 'TM', ''
620, 5, 'S44', ''
620, 6, 'TM', ''
621, 2, 'TM', ''
621, 1, 'F263', ''
621, 3, 'F261', ''
621, 6, 'F262', ''
621, 4, 'F260', ''
621, 5, 'F269', ''
622, 1, 'M14', ''
622, 2, 'S122', ''
622, 3, 'S121', ''
622, 4, 'TM', ''
622, 5, 'S44', ''
622, 6, 'TM', ''
623, 5, 'F266', ''
623, 2, 'F264', ''
623, 6, 'LNK', ''
623, 1, 'UNK', ''
623, 3, 'F265', ''
623, 7, 'F267', ''
623, 4, 'LNK', ''
624, 3, 'S125', ''
624, 2, 'S124', ''
624, 1, 'M9', ''
625, 6, 'F262', ''
625, 5, 'F269', ''
625, 4, 'F260', ''
625, 1, 'F263', ''
625, 3, 'F261', ''
625, 2, 'TM', ''
626, 2, 'TM', ''
626, 1, 'F263', ''
626, 3, 'F261', ''
626, 4, 'F260', ''
626, 5, 'F269', ''
627, 6, 'TM', ''
627, 5, 'S44', ''
627, 4, 'TM', ''
627, 3, 'S121', ''
627, 2, 'S122', ''
627, 1, 'M14', ''
628, 2, 'TM', ''
628, 1, 'F263', ''
628, 3, 'F261', ''
628, 4, 'F260', ''
628, 5, 'LNK', ''
628, 6, 'F269', ''
629, 1, 'F262', ''
630, 6, 'TM', ''
630, 5, 'S44', ''
630, 4, 'TM', ''
630, 3, 'S121', ''
630, 2, 'S122', ''
630, 1, 'M14', ''
631, 1, 'F263', ''
631, 2, 'TM', ''
631, 3, 'F261', ''
631, 4, 'F260', ''
631, 5, 'F269', ''
631, 6, 'F262', ''
632, 6, 'TM', ''
632, 5, 'S44', ''
632, 4, 'TM', ''
632, 3, 'S121', ''
632, 2, 'S122', ''
632, 1, 'M14', ''
633, 1, 'F263', ''
633, 2, 'TM', ''
633, 3, 'F261', ''
633, 4, 'F260', ''
633, 5, 'F269', ''
633, 6, 'F262', ''
634, 6, 'TM', ''
634, 5, 'S44', ''
634, 4, 'TM', ''
634, 3, 'S121', ''
634, 2, 'S122', ''
634, 1, 'M14', ''
635, 6, 'F262', ''
635, 5, 'F269', ''
635, 4, 'F260', ''
635, 3, 'F261', ''
635, 2, 'TM', ''
635, 1, 'F263', ''
636, 6, 'TM', ''
636, 5, 'S44', ''
636, 4, 'TM', ''
636, 3, 'S121', ''
636, 2, 'S122', ''
636, 1, 'M14', ''
637, 7, 'F262', ''
637, 6, 'F269', ''
637, 5, 'F241', ''
637, 4, 'F260', ''
637, 3, 'F261', ''
637, 2, 'TM', ''
637, 1, 'F263', ''
638, 5, 'S44', ''
638, 4, 'TM', ''
638, 3, 'S121', ''
638, 2, 'S122', ''
638, 1, 'M14', ''
639, 5, 'F269', ''
639, 4, 'F260', ''
639, 3, 'F261', ''
639, 2, 'TM', ''
639, 1, 'F263', ''
640, 1, 'F262', ''
641, 6, 'TM', ''
641, 5, 'S44', ''
641, 4, 'TM', ''
641, 3, 'S121', ''
641, 2, 'S122', ''
641, 1, 'M14', ''
642, 7, 'F262', ''
642, 6, 'F269', ''
642, 5, 'LNK', ''
642, 4, 'F260', ''
642, 3, 'F261', ''
642, 2, 'TM', ''
642, 1, 'F263', ''
643, 6, 'TM', ''
643, 5, 'S44', ''
643, 4, 'TM', ''
643, 3, 'S121', ''
643, 2, 'S122', ''
643, 1, 'M14', ''
644, 6, 'F262', ''
644, 5, 'F269', ''
644, 4, 'F260', ''
644, 3, 'F261', ''
644, 2, 'TM', ''
644, 1, 'F263', ''
645, 6, 'TM', ''
645, 5, 'S44', ''
645, 4, 'TM', ''
645, 3, 'S121', ''
645, 2, 'S122', ''
645, 1, 'M14', ''
646, 7, 'F262', ''
646, 6, 'F269', ''
646, 5, 'F241', ''
646, 4, 'F260', ''
646, 3, 'F261', ''
646, 2, 'TM', ''
646, 1, 'F263', ''
647, 6, 'TM', ''
647, 5, 'S44', ''
647, 4, 'TM', ''
647, 3, 'S121', ''
647, 2, 'S122', ''
647, 1, 'M14', ''
648, 6, 'F262', ''
648, 5, 'F269', ''
648, 4, 'F260', ''
648, 3, 'F261', ''
648, 2, 'TM', ''
648, 1, 'F263', ''
649, 6, 'TM', ''
649, 5, 'S44', ''
649, 4, 'TM', ''
649, 3, 'S121', ''
649, 2, 'S122', ''
649, 1, 'M14', ''
650, 4, 'TM', ''
650, 3, 'S400', ''
650, 2, 'HD', ''
650, 1, 'F800', ''
651, 1, 'F277', ''
651, 2, 'S138', ''
651, 3, 'S139', ''
651, 4, 'S140', ''
651, 5, 'S141', ''
651, 6, 'F281', ''
651, 7, 'F282', ''
651, 8, 'F279', ''
651, 9, 'F284', ''
651, 10, 'F283', ''
651, 11, 'F280', ''
651, 12, 'F278', ''
652, 11, 'F280', ''
652, 10, 'F283', ''
652, 9, 'F284', ''
652, 8, 'F279', ''
652, 7, 'F282', ''
652, 6, 'F281', ''
652, 5, 'S141', ''
652, 4, 'S140', ''
652, 3, 'S139', ''
652, 12, 'F278', ''
652, 2, 'S138', ''
652, 1, 'F277', ''
653, 1, 'F277', ''
653, 2, 'S138', ''
653, 3, 'S139', ''
653, 4, 'S140', ''
653, 5, 'S141', ''
653, 6, 'F281', ''
653, 7, 'F282', ''
653, 8, 'F279', ''
653, 9, 'F284', ''
653, 10, 'F283', ''
653, 11, 'F280', ''
653, 12, 'F278', ''
