96, 0, 1, 'Hinge', 1695, 1712, NULL, 'Hinge', '', 'prouve biochimiquement', NULL, 12072530;
533, 9, 1, 'motif I', 3290, 3302, 'I-x-G-x-P-G-x-G-K-T-x(2)-L', 'helicase', 'super family 1', '', '', NULL;
102, 0, 1, 'tertrapeptide', 113, 116, 'V-R-R-T', 'binding membrane', 'tertrapeptide', '', 'J Gen Virol. 1999 Nov;80 (Pt 11):2977-86', 10580060;
533, 9, 2, 'motif II', 3366, 3372, 'F-L-D-E-x-x-Y', 'helicase', 'super family 1', 'WARNING:[FHILVWY]-[FHILVWY]-D-E-x(0,2)-[FHILVWY]', '', NULL;
533, 9, 3, 'motif III', 3387, 3395, 'L-x(2)-L-G-D-x(2)-Q', 'helicase', 'super family 1', 'WARNING: [FHILVWY]-x(2)-[FHILVWY]-G-D-x(2)-Q', '', NULL;
533, 9, 4, 'motif V', 3473, 3488, 'T-I-x(3)-Q-G-x-T-F-x(2)-V-x-L-H', 'helicase', 'super family 1', '', '', NULL;
533, 9, 5, 'motif VI', 3501, 3506, 'L-V-A-I-T-R', 'helicase', 'super family 1', '', '', NULL;
148, 0, 1, 'CCCH', 7, 61, 'C-x(7)-C-x(5)-C-X(3)-H-x(32)-S-x(2)-S', 'zinc finger', 'CCCH', '', 'ref enter:VAZy170', NULL;
410, 0, 1, 'CCCH', 7, 60, 'C-x(7)-C-x(5)-C-X(3)-H-x(31)-S-x(2)-S', 'zinc finger', 'CCCH', '', 'ref enter:VAZy170', NULL;
159, 0, 1, 'CCCH', 7, 61, 'C-x(7)-C-x(5)-C-X(3)-H-x(32)-S-x(2)-S', 'zinc finger', 'CCCH', '', 'ref enter:VAZy170', NULL;
158, 0, 1, 'motif furin', 108, 134, 'K-R-x(23)-R-K', 'cleavage site', '', 'result: pep27 (27aa); RA/KR.....RK/RR', 'J Virol. 2002 Sep;76(18):9218-24', 12186905;
510, 3, 1, 'Ribonuclease', 341, 352, 'L-x(2)-H-E-W-x-K-H-G-x-C', 'RNase', 'T2 family histidine active sites', 'H is an active site residue. C is involved in a disulfide bond.', '** Kawata Y J. Biochem. 187:255-262(1990) ** Kurihara H FEBS Lett. 306:189-192(1992).', NULL;
170, 0, 1, 'CCCH', 7, 61, 'C-x(7)-C-x(5)-C-X(3)-H-x(32)-S-x(2)-S', 'zinc finger', 'CCCH', 'Phosphorylation observed on Serine is important for function', 'J Virol. 2003 May;77(9):5046-53', 12692207;
2, 0, 1, 'motif I', 550, 555, 'L-E-x-I-x-R', 'trigger sequences motifs retrivied in coiled coil', '', 'in PMD (F25)', '', 9524112;
83, 0, 2, 'motif I', 14, 19, 'I-D-x-I-x-K', 'trigger sequences motifs retrivied in coiled coil', NULL, 'in F26', '', NULL;
17, 0, 1, 'motif I', 370, 375, 'L-D-x-I-x-R', 'trigger sequences motifs retrivied in coiled coil', '', 'in PMD (F25)', '', 9524112;
69, 0, 1, 'motif I', 346, 351, 'I-D-x-I-x-K', 'trigger sequences motifs retrivied in coiled coil', '', 'in PMD (F25)', '', 9524112;
2, 0, 2, 'motif I', 14, 19, 'I-D-x-I-x-K', 'trigger sequences motifs retrivied in coiled coil', NULL, 'in F26', '', NULL;
84, 0, 1, 'motif I', 14, 19, 'I-D-x-I-x-K', 'trigger sequences motifs retrivied in coiled coil', '', 'in F26', '', NULL;
83, 0, 1, 'motif I', 548, 553, 'I-D-x-I-x-R', 'trigger sequences motifs retrivied in coiled coil', '', 'in PMD (F25)', '', 9524112;
91, 0, 1, 'motif I', 346, 351, 'V-E-x-I-x-K', 'trigger sequences motifs retrivied in coiled coil', '', 'in PMD (F25)', '', 9524112;
76, 0, 1, 'motif I', 346, 351, 'T-D-x-I-x-K', 'trigger sequences motifs retrivied in coiled coil', '', 'in PMD (F25); WARNING: T in stead of [LVI] at the first position;', '', 9524112;
473, 13, 6, 'motif X', 6370, 6373, 'A-K-Y-T', 'methyltransferase', 'coronavirus', 'Part of the catalytic tetrad K D K E', '', NULL;
494, 15, 6, 'motif X', 6840, 6843, 'A-K-Y-T', 'methyltransferase', 'coronavirus', 'Part of the catalytic tetrad K D K E', '', NULL;
483, 14, 6, 'motif X', 6924, 6927, 'A-K-Y-T', 'methyltransferase', 'coronavirus', 'Part of the catalytic tetrad K D K E', '', NULL;
465, 15, 6, 'motif X', 6502, 6505, 'V-K-Y-T', 'methyltransferase', 'coronavirus', 'Part of the catalytic tetrad K D K E', '', NULL;
390, 0, 1, 'motif I', 346, 351, 'V-E-x-I-x-K', 'trigger sequences motifs retrivied in coiled coil', '', 'in PMD (F25)', '', 9524112;
440, 12, 1, 'motif I', 5581, 5592, 'L-x-G-x-P-G-x-G-K-S-x-F', 'helicase', 'super family 1', '', '', NULL;
440, 12, 2, 'motif II', 5672, 5677, 'V-V-F-D-E-I', 'helicase', 'super family 1', '', '', NULL;
440, 12, 3, 'motif III', 5697, 5705, 'Y-V-Y-I-G-D-x(2)-Q', 'helicase', 'super family 1', '', '', NULL;
440, 12, 4, 'motif V', 5833, 5847, 'T-V-x(3)-Q-G-x-E-Y-x(2)-V-x-F', 'helicase', 'super  family 1', 'WARNING: T-[FHILVWY]-x(3)-Q-G-x-[ET]-[FHILVWY]-x(2)-V-x-[FHILVWY]', '', NULL;
440, 12, 5, 'motif VI', 5862, 5868, 'F-x-V-A-I-T-R', 'helicase', 'super family 1', '', '', NULL;
451, 10, 1, 'motif I', 5209, 5221, 'I-x-G-x-P-G-x-G-K-S-x(2)-V', 'helicase', 'super family 1', '', '', NULL;
459, 10, 1, 'motif I', 5308, 5320, 'I-x-G-x-P-G-x-G-K-S-x(2)-V', 'helicase', 'super family 1', '', '', NULL;
465, 12, 1, 'motif I', 5276, 5286, 'I-x-G-x-P-G-x-G-K-S-H', 'helicase', 'super family 1', '', '', NULL;
473, 10, 1, 'motif I', 5148, 5159, 'V-x-G-x-P-G-x-G-K-S-x-F', 'helicase', 'super family 1', '', '', NULL;
483, 11, 1, 'motif I', 5663, 5674, 'V-x-G-x-P-G-x-G-K-S-x-L', 'helicase', 'super family 1', '', '', NULL;
494, 12, 1, 'motif I', 5576, 5587, 'V-x-G-x-P-G-x-G-K-S-x-L', 'helicase', 'super family 1', '', '', NULL;
451, 10, 2, 'motif II', 5300, 5305, 'V-V-V-D-E-V', 'helicase', 'super family 1', '', '', NULL;
451, 10, 3, 'motif III', 5325, 5333, 'I-V-Y-V-G-D-x(2)-Q', 'helicase', 'super family 1', '', '', NULL;
451, 10, 4, 'motif V', 5461, 5475, 'T-V-x(3)-Q-G-x-E-Y-x(2)-V-x-Y', 'helicase', 'super family 1', 'WARNING: T-[FHILVWY]-x(3)-Q-G-x-[ET]-[FHILVWY]-x(2)-V-x-[FHILVWY]', '', NULL;
451, 10, 5, 'motif VI', 5490, 5496, 'F-x-V-A-I-T-R', 'helicase', 'super family 1', '', '', NULL;
459, 10, 2, 'motif II', 5399, 5404, 'V-V-V-D-E-V', 'helicase', 'super family 1', '', '', NULL;
459, 10, 3, 'motif III', 5424, 5432, 'V-V-Y-V-G-D-x(2)-Q', 'helicase', 'super family 1', '', '', NULL;
459, 10, 4, 'motif V', 5560, 5574, 'T-V-x(3)-Q-G-x-E-Y-x(2)-V-x-Y', 'helicase', 'super family 1', 'WARNING: T-[FHILVWY]-x(3)-Q-G-x-[ET]-[FHILVWY]-x(2)-V-x-[FHILVWY]', '', NULL;
459, 10, 5, 'motif VI', 5589, 5595, 'F-x-V-A-I-T-R', 'helicase', 'super family 1', '', '', NULL;
465, 12, 2, 'motif II', 5367, 5372, 'V-V-V-D-E-V', 'helicase', 'super family 1', '', '', NULL;
465, 12, 3, 'motif III', 5392, 5400, 'I-V-Y-V-G-D-x-x-Q', 'helicase', 'super family 1', '', '', NULL;
465, 12, 4, 'motif V', 5528, 5542, 'T-V-x(3)-Q-G-x-E-Y-x(2)-V-x-F', 'helicase', 'super family 1', 'WARNING: T-[FHILVWY]-x(3)-Q-G-x-[ET]-[FHILVWY]-x(2)-V-x-[FHILVWY]', '', NULL;
465, 12, 5, 'motif VI', 5557, 5563, 'F-x-V-A-I-T-R', 'helicase', 'super family 1', '', '', NULL;
473, 10, 2, 'motif II', 5239, 5244, 'L-L-V-D-E-V', 'helicase', 'super family 1', '', '', NULL;
473, 10, 3, 'motif III', 5264, 5272, 'V-V-Y-V-G-D-x(2)-Q', 'helicase', 'super family 1', '', '', NULL;
473, 10, 4, 'motif V', 5402, 5416, 'T-V-x(3)-Q-G-x-E-Y-x(2)-V-x-F', 'helicase', 'super family 1', '', '', NULL;
473, 10, 5, 'motif VI', 5431, 5437, 'F-x-V-A-L-T-R', 'helicase', 'super family 1', '', '', NULL;
483, 11, 2, 'motif II', 5754, 5759, 'I-V-V-D-E-V', 'helicase', 'super family 1', '', '', NULL;
483, 11, 3, 'motif III', 5779, 5787, 'Y-V-Y-I-G-D-x-x-Q', 'helicase', 'super family 1', '', '', NULL;
483, 11, 4, 'motif V', 5915, 5929, 'T-V-x(3)-Q-G-x-E-Y-x(2)-V-x-Y', 'helicase', 'super family 1', 'WARNING: T-[FHILVWY]-x(3)-Q-G-x-[ET]-[FHILVWY]-x(2)-V-x-[FHILVWY]', '', NULL;
483, 11, 5, 'motif VI', 5944, 5950, 'F-x-V-A-I-T-R', 'helicase', 'super family 1', '', '', NULL;
494, 12, 2, 'motif II', 5667, 5672, 'V-V-V-D-E-V', 'helicase', 'super family 1', '', '', NULL;
494, 12, 3, 'motif II', 5692, 5700, 'Y-V-Y-I-G-D-x(2)-Q', 'helicase', 'super family 1', '', '', NULL;
494, 12, 4, 'motif V', 5828, 5842, 'T-V-x(3)-Q-G-x-E-Y-x(2)-V-x-Y', 'helicase', 'super family 1', 'WARNING: T-[FHILVWY]-x(3)-Q-G-x-[ET]-[FHILVWY]-x(2)-V-x-[FHILVWY]', '', NULL;
494, 12, 5, 'motif VI', 5857, 5863, 'F-x-V-A-I-T-R', 'helicase', 'super family 1', '', '', NULL;
3, 0, 1, 'motif I', 14, 19, 'I-D-x-I-x-K', 'trigger sequences motifs retrivied in coiled coil', '', 'in F26', '', NULL;
103, 0, 1, 'cleavage site', 112, 116, 'V-P-Q-S-R', 'proteolytic cleavage', '', '', 'Biochim Biophys Acta. 2003 Jul 11;1614(1):73-84. Review. ', 12873767;
113, 0, 1, 'cleavage site', 108, 112, 'N-P-Q-T-R', 'proteolytic cleavage', '', 'or in accordance with strain: N-P-Q-S-R ', 'Biochim Biophys Acta. 2003 Jul 11;1614(1):73-84. Review. ', 12873767;
43, 0, 1, 'cleavage site', 98, 102, 'R-R-H-K-R', 'proteolytic cleavage', '', '', 'Biochim Biophys Acta. 2003 Jul 11;1614(1):73-84. Review. ', 12873767;
121, 0, 1, 'cleavage site', 105, 109, 'P-R-T-K-R', 'proteolytic cleavage', '', '', 'Biochim Biophys Acta. 2003 Jul 11;1614(1):73-84. Review. ', 12873767;
34, 0, 1, 'cleavage site', 98, 102, 'R-R-R-R-R', 'proteolytic cleavage', '', '', 'Biochim Biophys Acta. 2003 Jul 11;1614(1):73-84. Review. ', 12873767;
65, 0, 1, 'cleavage site', 112, 116, 'G-R-Q-G-R', 'proteolytic cleavage', '', 'avirulent strain: G-R/K-Q-G-R ; virulent strain: R-R-Q-K/R-R', 'Biochim Biophys Acta. 2003 Jul 11;1614(1):73-84. Review. ', 12873767;
51, 0, 1, 'cleavage site', 98, 102, 'R-R-H-K-R', 'proteolytic cleavage', '', '', 'Biochim Biophys Acta. 2003 Jul 11;1614(1):73-84. Review. ', 12873767;
59, 0, 1, 'cleavage site', 102, 106, 'T-R-Q-K-R', 'proteolytic cleavage', '', '', 'Biochim Biophys Acta. 2003 Jul 11;1614(1):73-84. Review. ', 12873767;
94, 0, 1, 'cleavage site', 108, 112, 'R-R-H-K-R', 'proteolytic cleavage', '', '', 'Biochim Biophys Acta. 2003 Jul 11;1614(1):73-84. Review. ', 12873767;
347, 0, 1, 'cleavage site', 111, 115, 'R-R-H-K-R', 'proteolytic cleavage', '', '', 'Biochim Biophys Acta. 2003 Jul 11;1614(1):73-84. Review. ', 12873767;
459, 13, 7, 'motif I', 6556, 6560, 'G-V-A-P-G', 'methyltransferase', 'coronavirus', 'SAM Binding motif', '', NULL;
440, 15, 6, 'motif X', 6820, 6823, 'A-K-Y-T', 'methyltransferase', 'coronavirus', 'Part of the catalytic tetrad K D K E', '', NULL;
440, 15, 7, 'motif I', 6852, 6856, 'G-V-A-P-G', 'methyltransferase', 'coronavirus', 'SAM Binding motif', '', NULL;
440, 15, 8, 'motif IV', 6905, 6907, 'D-M-Y', 'methyltransferase', 'coronavirus', 'Part of the catalytic tetrad and SAM binding motif', '', NULL;
440, 15, 9, 'motif VI', 6945, 6948, 'K-I-T-E', 'methyltransferase', 'coronavirus', 'Part of the catalytic tetrad', '', NULL;
440, 15, 10, 'motif VIII', 6978, 6982, 'E-A-F-L-I', 'methyltransferase', 'coronavirus', 'Part of the catalytic tetrad', '', NULL;
147, 0, 1, 'cleavage site', 106, 109, 'R-A-R-R', 'proteolytic cleavage', '', '', 'Biochim Biophys Acta. 2003 Jul 11;1614(1):73-84. Review. ', 12873767;
169, 0, 1, 'cleavage site', 106, 109, 'R-A-R-R', 'proteolytic cleavage', '', '', 'Biochim Biophys Acta. 2003 Jul 11;1614(1):73-84. Review. ', 12873767;
158, 0, 2, 'cleavage site', 131, 136, 'K-K-R-K-R-R', 'proteolytic cleavage', '', '', 'Biochim Biophys Acta. 2003 Jul 11;1614(1):73-84. Review. ', 12873767;
87, 0, 1, 'cleavage site', 105, 109, 'V-G-D-V-K', 'proteolytic cleavage', '', '', 'Biochim Biophys Acta. 2003 Jul 11;1614(1):73-84. Review. ', 12873767;
6, 0, 1, 'cleavage site', 105, 109, 'V-G-D-V-R', 'proteolytic cleavage', '', '', 'Biochim Biophys Acta. 2003 Jul 11;1614(1):73-84. Review. ', 12873767;
79, 0, 1, 'cleavage site', 220, 224, 'R-R-Q-R-R', 'proteolytic cleavage', '', 'or in accordance with strain: R-R-H-K-R', 'Biochim Biophys Acta. 2003 Jul 11;1614(1):73-84. Review. ', 12873767;
127, 0, 1, 'cleavage site', 105, 109, 'L-R-T-K-R', 'proteolytic cleavage', '', '', 'Biochim Biophys Acta. 2003 Jul 11;1614(1):73-84. Review. ', 12873767;
27, 0, 1, 'cleavage site', 105, 109, 'S-R-R-K-R', 'proteolytic cleavage', '', '', 'Biochim Biophys Acta. 2003 Jul 11;1614(1):73-84. Review. ', 12873767;
533, 8, 6, 'amino acid triplet', 3008, 3010, 'S-D-D', '', NULL, 'described for arterivirus', 'Journal of General Virology (1999),80,307-315', 10073689;
533, 8, 7, "motif A\'", 2870, 2883, 'N-S-P-I-A-L-G-K-N-K-F-K-E-L', 'polymerase', 'coronavirus/arterivirus', '', '', 10073689;
533, 8, 9, 'motif B', 2948, 2960, 'G-G-x-x-S-G-D-x-I-T-S-V-S', 'polymerase', 'coronavirus/arterivirus', '', '', 10073689;
533, 8, 8, 'motif A', 2895, 2901, 'D-x-x-x-C-D-R', 'polymerase', 'coronavirus/arterivirus', '', '', 10073689;
533, 8, 10, 'motif C', 3008, 3010, 'S-D-D', 'polymerase', 'coronavirus/arterivirus', '', '', 10073689;
18, 0, 1, 'motif zinc binding', 230, 277, 'H-R-R-E-x(11)-I-x(2)-W-C-N-P-x-C-x(2)-I-x(8)-C-x-C-x(2)-C-P-x(2)-C-x(2)-C', 'zinc binding', 'paramyxoviridae', 'in F22', '', NULL;
3, 0, 2, 'motif zinc binding', 408, 455, 'H-R-R-E-x(11)-V-x(2)-W-C-N-P-x-C-x(2)-I-x(8)-C-x-C-x(2)-C-P-x(2)-C-x(2)-C', 'zinc binding', 'paramyxoviridae', 'in F22', '', NULL;
25, 0, 1, 'motif zinc binding', 174, 221, 'H--R-R-E-x(11)-V-x(2)-W-C-N-P-x-C-x(2)-V-x(8)-C-x-C-x(2)-C-P-x(2)-C-x(2)-C', 'zinc binding', 'paramyxoviridae', 'in F22', '', NULL;
32, 0, 1, 'motif zinc binding', 171, 218, 'H-R-R-E-x(11)-V-x(2)-W-C-N-P-x-C-x(2)-I-x(8)-C-x-C-x(2)-C-P-x(2)-C-x(2)-C', 'zinc binding', 'paramyxoviridae', 'in F22', '', NULL;
40, 0, 1, 'motif zinc binding', 170, 217, 'H-R-R-E-x(11)-V-x(2)-W-C-N-P-x-C-x(2)-I-x(8)-C-x-C-x(2)-C-P-x(2)-C-x(2)-C', 'zinc binding', 'paramyxoviridae', 'in F22', '', NULL;
49, 0, 1, 'motif zinc binding', 170, 217, 'H-R-R-E-x(11)-V-x(2)-W-C-N-P-x-C-x(2)-I-x(8)-C-x-C-x(2)-C-P-x(2)-C-x(2)-C', 'zinc binding', 'paramyxoviridae', 'in F22', '', NULL;
57, 0, 1, 'motif zinc binding', 174, 221, 'H-R-R-E-x(11)-V-x(2)-W-C-N-P-x-C-x(2)-V-x(8)-C-x-C-x(2)-C-P-x(2)-C-x(2)-C', 'zinc binding', 'paramyxoviridae', 'in F22', '', NULL;
339, 0, 1, 'motif zinc binding', 164, 211, 'HR-R-E-x(11)-V-x(2)-W-C-N-P-x-C-x(2)-I-x(8)-C-x-C-x(2)-C-P-x(2)-C-x(2)-C', 'zinc binding', 'paramyxoviridae', 'in F22', '', NULL;
459, 13, 6, 'motif X', 6524, 6527, 'V-K-Y-T', 'methyltransferase', 'coronavirus', 'Part of the catalytic tetrad K D K E', '', NULL;
451, 13, 6, 'motif X', 6428, 6432, 'V-V-K-Y-T', 'methyltransferase', 'coronavirus', 'Part of the catalytic tetrad K D K E', '', NULL;
473, 13, 7, 'motif I', 6402, 6406, 'G-V-A-P-G', 'methyltransferase', 'coronavirus', 'SAM Binding motif', '', NULL;
1, 0, 1, 'motif', 322, 336, 'F-x(4)-Y-x(3)-W-S-F-A-M-G', 'nucleocapsid', 'paramyxovirinae', '', '', NULL;
16, 0, 1, 'motif', 322, 336, 'F-x(4)-Y-x(3)-W-S-F-A-M-G', 'nucleocapsid', 'paramyxovirinae', '', '', NULL;
494, 15, 7, 'motif I', 6872, 6876, 'G-V-A-P-G', 'methyltransferase', 'coronavirus', 'SAM Binding motif', '', NULL;
483, 14, 7, 'motif I', 6956, 6960, 'G-V-A-P-G', 'methyltransferase', 'coronavirus', 'SAM Binding motif', '', NULL;
465, 15, 7, 'motif I', 6534, 6538, 'G-V-A-P-G', 'methyltransferase', 'coronavirus', 'SAM Binding motif', '', NULL;
392, 0, 1, 'motif zinc binding', 232, 279, 'H-R-R-E-x(11)-I-x(2)-W-C-N-P-x-C-x(2)-V-x(8)-C-x-C-x(2)-C-P-x(2)-C-x(2)-C', 'zinc binding', 'paramyxoviridae', 'in F22', '', NULL;
506, 6, 1, 'motif zinc binding', 1123, 1175, 'C-x(1)-C-x(45)-C-x(3)-H', 'zinc binding HCV', '', '', 'Cell. 1996 Oct 18;87(2):343-55. Erratum in: Cell 1997 Apr 4;89(1):159.', 8861917;
615, 0, 1, 'motif zinc binding', 170, 217, 'H-R-R-E-x(11)-V-x(2)-F-C-N-P-x-C-x(2)-I-x(8)-C-x-C-x(2)-C-P-x(2)-C-x(2)-C', 'zinc binding', 'paramyxoviridae', 'in F22', '', NULL;
84, 0, 2, 'motif zinc binding', 406, 453, 'H-R-R-E-x(11)-V-x(2)-W-C-N-P-x-C-x(2)-I-x(8)-C-x-C-x(2)-C-P-x(2)-C-x(2)-C', 'zinc binding', 'paramyxoviridae', 'in F22', '', NULL;
506, 6, 2, 'aa helicase implied in hel/pro interaction', 1353, 1550, 'G-x-V-x(152)-P-S-G-M-x(34)-P-G-x(2)-V', '', NULL, 'NS3[1017-1657]-[641 aa]: G337-V339-P492-S493-G494-M495-P530-G531-V534', 'Structure Fold Des. 1999 Nov 15;7(11):1353-63', 10574797;
506, 6, 3, 'aa protease implied in hel/pro interaction', 1082, 1105, 'Y-x(3)-G-T-x(16)-V-D', '', NULL, 'NS3[1017-1657]-[641 aa]: Y66-G70-[TS]71-V88-D89', 'Structure Fold Des. 1999 Nov 15;7(11):1353-63', 10574797;
506, 6, 4, 'active site protease', 1083, 1165, 'H-x(23)-D-x(57)-S', 'protease', 'active site', 'NS3[1017-1657]-[641 aa]: H67-D91-S149', 'J Virol. 2003 Mar;77(6):3669-79', 12610142;
325, 0, 1, 'motif pre-motif', 918, 924, 'K-K-Q-Q-H-G-G', 'polymerase', 'phlebovirus', 'in F139', '', NULL;
291, 0, 1, 'motif pre-motif', 1415, 1421, 'K-K-N-Q-H-G-G', 'polymerase', 'phlebovirus', 'in F139 ', '', NULL;
267, 0, 1, 'motif pre-motif', 1446, 1452, 'R-K-N-Q-H-G-G', 'polymerase', 'phlebovirus', 'in F139 ', '', NULL;
267, 0, 2, 'motif A', 1517, 1522, 'S-D-D-x-x-K', 'polymerase', 'phlebovirus', 'in F139 ', '', NULL;
291, 0, 2, 'motif A', 1486, 1491, 'S-D-D-x-x-K', 'polymerase', 'phlebovirus', 'in F139 ', '', NULL;
325, 0, 2, 'motif A', 989, 994, 'S-D-D-x-x-K', 'polymerase', 'phlebovirus', 'in F139', '', NULL;
267, 0, 3, 'motif B', 1611, 1615, 'G-F-M-Q-G', 'polymerase', 'phlebovirus', 'in F139 ', '', NULL;
291, 0, 3, 'motif B', 1580, 1584, 'G-M-M-Q-G', 'polymerase', 'phlebovirus', 'in F139 ', '', NULL;
325, 0, 3, 'motif B', 1083, 1087, 'G-M-M-Q-G', 'polymerase', 'phlebovirus', 'in F139 ', '', NULL;
267, 0, 4, 'motif C', 1663, 1665, 'S-D-D', 'polymerase', 'phlebovirus', 'in F139 ', '', NULL;
291, 0, 4, 'motif C', 1634, 1636, 'S-D-D', 'polymerase', 'phlebovirus', 'in F139 ', '', NULL;
325, 0, 4, 'motif C', 1132, 1134, 'S-D-D', 'polymerase', 'phlebovirus', 'in F139 ', '', NULL;
169, 0, 2, 'N-glycosylation sites', 27, 500, 'N-x(42)-N-x(45)-N-x(3)-N-x(5)-N-x(373)-N', 'N-glycosylation sites', '', '', 'J Virol. 2001 May;75(10):4744-51', 11312346;
8, 0, 1, 'motif A', 716, 726, 'S-A-F-x(2)-T-D-L-K-K-F', 'polymerase', 'mononegavirales', '', '', NULL;
15, 0, 1, 'motif A', 662, 672, 'A-S-F-x(2)-T-D-L-Q-K-Y', 'polymerase', 'mononegavirales', '', '', NULL;
23, 0, 1, 'motif A', 727, 737, 'S-S-F-x(2)-T-D-L-Q-K-F', 'polymerase', 'mononegavirales', '', '', NULL;
29, 0, 1, 'motif A', 667, 677, 'A-C-F-x(2)-T-D-L-T-K-Y', 'polymerase', 'mononegavirales', '', '', NULL;
37, 0, 1, 'motif A', 657, 667, 'A-S-F-x(2)-T-D-L-K-K-Y', 'polymerase', 'mononegavirales', '', '', NULL;
46, 0, 1, 'motif A', 663, 673, 'A-C-F-x(2)-T-D-L-T-K-Y', 'polymerase', 'mononegavirales', '', '', NULL;
54, 0, 1, 'motif A', 663, 673, 'A-C-F-x(2)-T-D-L-T-K-Y', 'polymerase', 'mononegavirales', '', '', NULL;
61, 0, 1, 'motif A', 662, 672, 'A-C-F-x(2)-T-D-L-A-K-Y', 'polymerase', 'mononegavirales', '', '', NULL;
67, 0, 1, 'motif A', 635, 645, 'A-T-F-x(2)-T-D-L-Q-K-Y', 'polymerase', 'mononegavirales', '', '', NULL;
81, 0, 1, 'motif A', 657, 667, 'S-A-F-x(2)-T-D-L-K-K-Y', 'polymerase', 'mononegavirales', '', '', NULL;
89, 0, 1, 'motif A', 716, 726, 'S-A-F-x(2)-T-D-L-K-K-F', 'polymerase', 'mononegavirales', '', '', NULL;
96, 0, 2, 'motif A', 657, 667, 'S-A-F-x(2)-T-D-L-K-K-Y', 'polymerase', 'mononegavirales', '', '', NULL;
105, 0, 1, 'motif A', 657, 667, 'S-C-F-x(2)-T-D-L-K-K-Y', 'polymerase', 'mononegavirales', '', '', NULL;
115, 0, 1, 'motif A', 657, 667, 'S-C-F-x(2)-T-D-L-K-K-Y', 'polymerase', 'mononegavirales', '', '', NULL;
123, 0, 1, 'motif A', 682, 692, 'S-C-F-x(2)-T-D-L-K-K-Y', 'polymerase', 'mononegavirales', '', '', NULL;
129, 0, 1, 'motif A', 657, 667, 'S-C-F-x(2)-T-D-L-K-K-Y', 'polymerase', 'mononegavirales', '', '', NULL;
150, 0, 1, 'motif A', 695, 704, 'C-S-I-x-T-D-L-S-K-F', 'polymerase', 'mononegavirales', '', '', NULL;
161, 0, 1, 'motif A', 692, 701, 'C-S-I-x-T-D-L-S-K-F', 'polymerase', 'mononegavirales', '', '', NULL;
171, 0, 1, 'motif A', 695, 704, 'C-S-I-x-T-D-L-S-K-F', 'polymerase', 'mononegavirales', '', '', NULL;
180, 0, 1, 'motif A', 627, 636, 'S-S-F-x-T-D-L-E-K-Y', 'polymerase', 'mononegavirales', '', '', NULL;
187, 0, 1, 'motif A', 630, 639, 'A-S-F-x-T-D-L-E-K-Y', 'polymerase', 'mononegavirales', '', '', NULL;
194, 0, 1, 'motif A', 599, 609, 'C-I-A-x(2)-I-D-Y-E-K-W', 'polymerase', 'mononegavirales', '', '', NULL;
199, 0, 1, 'motif A', 588, 598, 'C-I-A-x(2)-I-D-Y-E-K-W', 'polymerase', 'mononegavirales', '', '', NULL;
204, 0, 1, 'motif A', 612, 622, 'T-Y-A-x(2)-L-D-Y-E-K-W', 'polymerase', 'mononegavirales', '', '', NULL;
209, 0, 1, 'motif A', 613, 623, 'T-Y-A-x(2)-L-D-Y-E-K-W', 'polymerase', 'mononegavirales', '', '', NULL;
221, 0, 1, 'motif A', 625, 635, 'T-I-A-x(2)-I-D-Y-E-K-W', 'polymerase', 'mononegavirales', '', '', NULL;
227, 0, 1, 'motif A', 561, 571, 'H-I-S-x(2)-L-D-I-N-K-F', 'polymerase', 'mononegavirales', '', '', NULL;
233, 0, 1, 'motif A', 560, 570, 'H-M-S-x(2)-L-D-I-N-K-F', 'polymerase', 'mononegavirales', '', '', NULL;
239, 0, 1, 'motif A', 561, 571, 'H-V-N-x(2)-L-D-I-N-K-F', 'polymerase', 'mononegavirales', '', '', NULL;
244, 0, 1, 'motif A', 441, 451, 'S-F-V-x(2)-L-D-Y-S-W', 'polymerase', 'mononegavirales', '', '', NULL;
250, 0, 1, 'motif A', 635, 645, 'T-Y-S-x(2)-I-D-F-S-K-W', 'polymerase', 'mononegavirales', '', '', NULL;
302, 0, 1, 'motif A', 605, 615, 'T-Y-V-x(2)-M-D-F-V-K-W', 'polymerase', 'mononegavirales', '', '', NULL;
344, 0, 1, 'motif A', 669, 679, 'A-C-F-x(2)-T-D-L-S-K-Y', 'polymerase', 'mononegavirales', '', '', NULL;
353, 0, 1, 'motif A', 657, 667, 'S-A-F-x(2)-T-D-L-K-K-Y', 'polymerase', 'mononegavirales', '', '', NULL;
401, 0, 1, 'motif A', 627, 636, 'S-S-F-x-T-D-L-E-K-Y', 'polymerase', 'mononegavirales', '', '', NULL;
414, 0, 1, 'motif A', 630, 639, 'A-S-I-x-T-D-L-S-K-F', 'polymerase', 'mononegavirales', '', '', NULL;
574, 0, 1, 'motif A', 635, 645, 'A-T-F-x(2)-T-D-L-Q-K-Y', 'polymerase', 'mononegavirales', '', '', NULL;
619, 0, 1, 'motif A', 652, 662, 'A-S-F-x(2)-T-D-L-Q-K-F', 'polymerase', 'mononegavirales', '', '', NULL;
259, 0, 1, 'motif A', 560, 570, 'T-F-C-x(2)-M-D-F-E-K-W', 'polymerase', 'mononegavirales', 'WARNING: [SAHCT]-[ASCTFILYVM]-[CFIVASN] -x(1,2)-[TLIM]-D-[LYFI]-[KQTAESVN]-[KSQ]-[YFW]', '', NULL;
8, 0, 2, 'motif C', 830, 834, 'Q-G-D-N-E', 'polymerase', 'mononegavirales', '', '', NULL;
15, 0, 2, 'motif C', 776, 780, 'Q-G-E-N-Q', 'polymerase', 'mononegavirales', '', '', NULL;
23, 0, 2, 'motif C', 841, 845, 'Q-G-D-N-E', 'polymerase', 'mononegavirales', '', '', NULL;
29, 0, 2, 'motif C', 781, 785, 'Q-G-D-N-Q', 'polymerase', 'mononegavirales', '', '', NULL;
37, 0, 2, 'motif C', 771, 775, 'Q-G-D-N-Q', 'polymerase', 'mononegavirales', '', '', NULL;
46, 0, 2, 'motif C', 777, 781, 'Q-G-D-N-Q', 'polymerase', 'mononegavirales', '', '', NULL;
54, 0, 2, 'motif C', 777, 781, 'Q-G-D-N-Q', 'polymerase', 'mononegavirales', '', '', NULL;
61, 0, 2, 'motif C', 775, 779, 'Q-G-D-N-Q', 'polymerase', 'mononegavirales', '', '', NULL;
67, 0, 2, 'motif C', 749, 753, 'Q-G-D-N-Q', 'polymerase', 'mononegavirales', '', '', NULL;
81, 0, 2, 'motif C', 771, 775, 'Q-G-D-N-Q', 'polymerase', 'mononegavirales', '', '', NULL;
89, 0, 2, 'motif C', 830, 834, 'Q-G-D-N-E', 'polymerase', 'mononegavirales', '', '', NULL;
96, 0, 3, 'motif C', 771, 775, 'Q-G-D-N-Q', 'polymerase', 'mononegavirales', '', '', NULL;
105, 0, 2, 'motif C', 771, 775, 'Q-G-D-N-Q', 'polymerase', 'mononegavirales', '', '', NULL;
115, 0, 2, 'motif C', 771, 775, 'Q-G-D-N-Q', 'polymerase', 'mononegavirales', '', '', NULL;
123, 0, 2, 'motif C', 796, 800, 'Q-G-D-N-Q', 'polymerase', 'mononegavirales', '', '', NULL;
129, 0, 2, 'motif C', 771, 775, 'Q-G-D-N-Q', 'polymerase', 'mononegavirales', '', '', NULL;
180, 0, 2, 'motif C', 740, 744, 'M-G-D-N-Q', 'polymerase', 'mononegavirales', '', '', NULL;
187, 0, 2, 'motif C', 743, 747, 'M-G-D-N-Q', 'polymerase', 'mononegavirales', '', '', NULL;
194, 0, 2, 'motif C', 712, 716, 'Q-G-D-N-Q', 'polymerase', 'mononegavirales', '', '', NULL;
199, 0, 2, 'motif C', 701, 705, 'Q-G-D-N-Q', 'polymerase', 'mononegavirales', '', '', NULL;
204, 0, 2, 'motif C', 727, 731, 'Q-G-D-N-Q', 'polymerase', 'mononegavirales', '', '', NULL;
209, 0, 2, 'motif C', 728, 732, 'Q-G-D-N-Q', 'polymerase', 'mononegavirales', '', '', NULL;
221, 0, 2, 'motif C', 738, 742, 'Q-G-D-N-Q', 'polymerase', 'mononegavirales', '', '', NULL;
227, 0, 2, 'motif C', 685, 689, 'Q-G-D-N-V', 'polymerase', 'mononegavirales', '', '', NULL;
233, 0, 2, 'motif C', 684, 688, 'Q-G-D-N-V', 'polymerase', 'mononegavirales', '', '', NULL;
239, 0, 2, 'motif C', 685, 689, 'Q-G-D-N-V', 'polymerase', 'mononegavirales', '', '', NULL;
244, 0, 2, 'motif C', 552, 556, 'Q-G-D-N-Q', 'polymerase', 'mononegavirales', '', '', NULL;
250, 0, 2, 'motif C', 746, 750, 'G-G-D-N-Q', 'polymerase', 'mononegavirales', '', '', NULL;
259, 0, 2, 'motif C', 673, 677, 'Q-G-D-N-Q', 'polymerase', 'mononegavirales', '', '', NULL;
302, 0, 2, 'motif C', 717, 721, 'G-G-D-N-Q', 'polymerase', 'mononegavirales', '', '', NULL;
344, 0, 2, 'motif C', 783, 787, 'Q-G-D-N-Q', 'polymerase', 'mononegavirales', '', '', NULL;
353, 0, 2, 'motif C', 771, 775, 'Q-G-D-N-Q', 'polymerase', 'mononegavirales', '', '', NULL;
401, 0, 2, 'motif C', 740, 744, 'M-G-D-N-Q', 'polymerase', 'mononegavirales', '', '', NULL;
574, 0, 2, 'motif C', 749, 753, 'Q-G-D-N-Q', 'polymerase', 'mononegavirales', '', '', NULL;
619, 0, 2, 'motif C', 766, 770, 'Q-G-D-N-Q', 'polymerase', 'mononegavirales', '', '', NULL;
150, 0, 2, 'motif C', 809, 813, 'N-G-D-N-Q', 'polymerase', 'mononegavirales', '', '', NULL;
161, 0, 2, 'motif C', 806, 810, 'N-G-D-N-Q', 'polymerase', 'mononegavirales', '', '', NULL;
171, 0, 2, 'motif C', 809, 813, 'N-G-D-N-Q', 'polymerase', 'mononegavirales', '', '', NULL;
8, 0, 3, 'motif B', 796, 808, 'G-G-I-E-G-Y-S-Q-K-T-W-T-I', 'polymerase', 'mononegavirales', '', '', NULL;
15, 0, 3, 'motif B', 742, 754, 'G-G-I-E-G-L-C-Q-K-M-W-T-M', 'polymerase', 'mononegavirales', '', '', NULL;
23, 0, 3, 'motif B', 807, 819, 'G-G-I-E-G-Y-S-Q-K-L-W-T-I', 'polymerase', 'mononegavirales', '', '', NULL;
29, 0, 3, 'motif B', 747, 759, 'G-G-I-E-G-L-C-Q-K-M-W-T-M', 'polymerase', 'mononegavirales', '', '', NULL;
37, 0, 3, 'motif B', 737, 749, 'G-G-I-E-G-L-C-Q-K-A-W-T-M', 'polymerase', 'mononegavirales', '', '', NULL;
46, 0, 3, 'motif B', 743, 755, 'G-G-I-E-G-L-C-Q-K-L-W-T-M', 'polymerase', 'mononegavirales', '', '', NULL;
54, 0, 3, 'motif B', 743, 755, 'G-G-I-E-G-L-C-Q-K-L-W-T-M', 'polymerase', 'mononegavirales', '', '', NULL;
61, 0, 3, 'motif B', 741, 753, 'G-G-I-E-G-L-C-Q-K-M-W-T-M', 'polymerase', 'mononegavirales', '', '', NULL;
67, 0, 3, 'motif B', 715, 727, 'G-G-I-E-G-L-C-Q-K-L-W-T-M', 'polymerase', 'mononegavirales', '', '', NULL;
81, 0, 3, 'motif B', 737, 749, 'G-G-V-E-G-Y-C-Q-K-L-W-T-I', 'polymerase', 'mononegavirales', '', '', NULL;
89, 0, 3, 'motif B', 796, 808, 'G-G-I-E-G-Y-S-Q-K-T-W-T-I', 'polymerase', 'mononegavirales', '', '', NULL;
96, 0, 4, 'motif B', 737, 749, 'G-G-I-E-G-Y-C-Q-K-L-W-T-I', 'polymerase', 'mononegavirales', '', '', NULL;
105, 0, 3, 'motif B', 737, 749, 'G-G-I-E-G-Y-C-Q-K-L-W-T-L', 'polymerase', 'mononegavirales', '', '', NULL;
115, 0, 3, 'motif B', 737, 749, 'G-G-I-E-G-Y-C-Q-K-L-W-T-L', 'polymerase', 'mononegavirales', '', '', NULL;
123, 0, 3, 'motif B', 762, 774, 'G-G-I-E-G-F-C-Q-K-L-W-T-L', 'polymerase', 'mononegavirales', '', '', NULL;
129, 0, 3, 'motif B', 737, 749, 'G-G-I-E-G-F-C-Q-K-L-W-T-L', 'polymerase', 'mononegavirales', '', '', NULL;
150, 0, 3, 'motif B', 775, 787, 'G-G-I-E-G-W-C-Q-K-L-W-T-I', 'polymerase', 'mononegavirales', '', '', NULL;
161, 0, 3, 'motif B', 772, 784, 'G-G-I-E-G-W-C-Q-K-L-W-T-I', 'polymerase', 'mononegavirales', '', '', NULL;
171, 0, 3, 'motif B', 775, 787, 'G-G-I-E-G-W-C-Q-K-L-W-T-I', 'polymerase', 'mononegavirales', '', '', NULL;
180, 0, 3, 'motif B', 706, 718, 'G-G-I-E-G-L-Q-Q-K-L-W-T-S', 'polymerase', 'mononegavirales', '', '', NULL;
187, 0, 3, 'motif B', 709, 721, 'G-G-I-E-G-L-Q-Q-K-L-W-T-C', 'polymerase', 'mononegavirales', '', '', NULL;
194, 0, 3, 'motif B', 678, 690, 'G-G-L-E-G-L-R-Q-K-G-W-T-I', 'polymerase', 'mononegavirales', '', '', NULL;
204, 0, 3, 'motif B', 693, 705, 'G-G-L-E-G-L-R-Q-K-G-W-S-L', 'polymerase', 'mononegavirales', '', '', NULL;
209, 0, 3, 'motif B', 694, 706, 'G-G-L-E-G-L-R-Q-K-G-W-S-L', 'polymerase', 'mononegavirales', '', '', NULL;
221, 0, 3, 'motif B', 704, 716, 'G-G-L-E-G-L-R-Q-K-G-W-S-I', 'polymerase', 'mononegavirales', '', '', NULL;
227, 0, 3, 'motif B', 651, 663, 'G-G-I-E-G-L-C-Q-Y-V-W-T-I', 'polymerase', 'mononegavirales', '', '', NULL;
233, 0, 3, 'motif B', 650, 662, 'G-G-I-E-G-L-C-Q-Y-V-W-T-I', 'polymerase', 'mononegavirales', '', '', NULL;
239, 0, 3, 'motif B', 651, 663, 'G-G-I-E-G-L-C-Q-Y-V-W-T-I', 'polymerase', 'mononegavirales', '', '', NULL;
244, 0, 3, 'motif B', 518, 530, 'T-M-G-E-G-M-R-Q-K-L-W-T-I', 'polymerase', 'mononegavirales', '', '', NULL;
250, 0, 3, 'motif B', 712, 724, 'S-G-K-E-G-L-R-Q-K-G-W-T-I', 'polymerase', 'mononegavirales', '', '', NULL;
344, 0, 3, 'motif B', 749, 761, 'G-G-I-E-G-L-C-Q-K-L-W-T-M', 'polymerase', 'mononegavirales', '', '', NULL;
353, 0, 3, 'motif B', 737, 749, 'G-G-I-E-G-Y-C-Q-K-L-W-T-I', 'polymerase', 'mononegavirales', '', '', NULL;
401, 0, 3, 'motif B', 706, 718, 'G-G-I-E-G-L-Q-Q-K-L-W-T-S', 'polymerase', 'mononegavirales', '', '', NULL;
414, 0, 2, 'motif B', 709, 721, 'G-G-I-E-G-W-C-Q-K-L-W-T-M', 'polymerase', 'mononegavirales', '', '', NULL;
574, 0, 3, 'motif B', 715, 727, 'G-G-I-E-G-L-C-Q-K-L-W-T-M', 'polymerase', 'mononegavirales', '', '', NULL;
619, 0, 3, 'motif B', 732, 744, 'G-G-I-E-G-Y-S-Q-K-M-W-T-I', 'polymerase', 'mononegavirales', '', '', NULL;
414, 0, 3, 'motif C', 743, 747, 'N-G-D-N-Q', 'polymerase', 'mononegavirales', '', '', NULL;
451, 13, 7, 'motif I', 6461, 6465, 'G-V-A-P-G', 'methyltransferase', 'coronavirus', 'SAM Binding motif', '', NULL;
473, 13, 8, 'motif IV', 6455, 6457, 'D-M-Y', 'methyltransferase', 'coronavirus', 'Part of the catalytic tetrad and SAM Binding motif', '', NULL;
451, 13, 8, 'motif IV', 6514, 6516, 'D-L-Y', 'methyltransferase', 'coronavirus', 'Part of the catalytic tetrad and SAM Binding motif', '', NULL;
494, 15, 8, 'motif IV', 6925, 6928, 'D-M-Y', 'methyltransferase', 'coronavirus', 'Part of the catalytic tetrad and SAM Binding motif', '', NULL;
483, 14, 8, 'motif IV', 7009, 7011, 'D-M-Y', 'methyltransferase', 'coronavirus', 'Part of the catalytic tetrad and SAM Binding motif', '', NULL;
465, 15, 8, 'motif IV', 6587, 6589, 'D-M-Y', 'methyltransferase', 'coronavirus', 'Part of the catalytic tetrad and SAM Binding motif', '', NULL;
459, 13, 8, 'motif IV', 6609, 6611, 'D-M-Y', 'methyltransferase', 'coronavirus', 'Part of the catalytic tetrad and SAM Binding motif', '', NULL;
473, 13, 9, 'motif VI', 6499, 6502, 'K-V-T-E', 'methyltransferase', 'coronavirus', 'Part of the catalytic tetrad ', '', NULL;
494, 15, 9, 'motif VI', 6965, 6968, 'K-I-T-E', 'methyltransferase', 'coronavirus', 'Part of the catalytic tetrad ', '', NULL;
483, 14, 9, 'motif VI', 7049, 7052, 'K-I-T-E', 'methyltransferase', 'coronavirus', 'Part of the catalytic tetrad ', '', NULL;
465, 15, 9, 'motif VI', 6627, 6630, 'K-V-T-E', 'methyltransferase', 'coronavirus', 'Part of the catalytic tetrad ', '', NULL;
459, 13, 9, 'motif VI', 6649, 6652, 'K-V-T-E', 'methyltransferase', 'coronavirus', 'Part of the catalytic tetrad ', '', NULL;
451, 13, 9, 'motif VI', 6554, 6557, 'K-I-T-E', 'methyltransferase', 'coronavirus', 'Part of the catalytic tetrad ', '', NULL;
451, 13, 10, 'motif VIII', 6587, 6591, 'E-G-F-L-I', 'methyltransferase', 'coronavirus', 'Part of the catalytic tetrad ', '', NULL;
473, 13, 10, 'motif VIII', 6532, 6536, 'E-A-F-L-I', 'methyltransferase', 'coronavirus', 'Part of the catalytic tetrad ', '', NULL;
494, 15, 10, 'motif VIII', 6998, 7002, 'E-G-F-L-I', 'methyltransferase', 'coronavirus', 'Part of the catalytic tetrad ', '', NULL;
483, 14, 10, 'motif VIII', 7082, 7086, 'E-G-F-L-I', 'methyltransferase', 'coronavirus', 'Part of the catalytic tetrad ', '', NULL;
465, 15, 10, 'motif VIII', 6660, 6664, 'E-A-F-V-V', 'methyltransferase', 'coronavirus', 'Part of the catalytic tetrad ', '', NULL;
459, 13, 10, 'motif VIII', 6682, 6686, 'E-A-F-L-I', 'methyltransferase', 'coronavirus', 'Part of the catalytic tetrad ', '', NULL;
11, 0, 1, 'tertrapeptide', 116, 119, 'V-R-M-S', 'binding membrane', 'tertrapeptide', '', '', NULL;
341, 0, 1, 'tertrapeptide', 118, 121, 'V-R-K-S', 'binding membrane', 'tertrapeptide', '', '', NULL;
58, 0, 1, 'tertrapeptide', 114, 117, 'V-K-K-T', 'binding membrane', 'tertrapeptide', '', '', NULL;
26, 0, 1, 'tertrapeptide', 114, 117, 'V-R-K-T', 'binding membrane', 'tertrapeptide', '', '', NULL;
33, 0, 1, 'tertrapeptide', 114, 117, 'V-R-K-T', 'binding membrane', 'tertrapeptide', '', '', NULL;
42, 0, 1, 'tertrapeptide', 116, 119, 'V-R-K-T', 'binding membrane', 'tertrapeptide', '', '', NULL;
50, 0, 1, 'tertrapeptide', 116, 119, 'V-R-K-T', 'binding membrane', 'tertrapeptide', '', '', NULL;
64, 0, 1, 'tertrapeptide', 117, 120, 'C-K-K-S', 'binding membrane', 'tertrapeptide', '', '', NULL;
571, 0, 1, 'tertrapeptide', 117, 120, 'C-K-K-S', 'binding membrane', 'tertrapeptide', '', '', NULL;
5, 0, 1, 'tertrapeptide', 117, 120, 'V-R-R-T', 'binding membrane', 'tertrapeptide', '', '', NULL;
20, 0, 1, 'tertrapeptide', 118, 121, 'V-R-R-T', 'binding membrane', 'tertrapeptide', '', '', NULL;
71, 0, 1, 'tertrapeptide', 101, 104, 'V-R-R-T', 'binding membrane', 'tertrapeptide', '', '', NULL;
78, 0, 1, 'tertrapeptide', 101, 104, 'V-R-R-T', 'binding membrane', 'tertrapeptide', '', '', NULL;
86, 0, 1, 'tertrapeptide', 117, 120, 'V-R-R-T', 'binding membrane', 'tertrapeptide', '', '', NULL;
93, 0, 1, 'tertrapeptide', 101, 104, 'V-R-R-T', 'binding membrane', 'tertrapeptide', '', '', NULL;
112, 0, 1, 'tertrapeptide', 113, 116, 'V-R-R-T', 'binding membrane', 'tertrapeptide', '', '', NULL;
126, 0, 1, 'tertrapeptide', 117, 120, 'V-R-R-T', 'binding membrane', 'tertrapeptide', '', '', NULL;
120, 0, 1, 'tertrapeptide', 117, 120, 'V-R-R-T', 'binding membrane', 'tertrapeptide', '', '', NULL;
346, 0, 1, 'tertrapeptide', 101, 104, 'V-R-R-T', 'binding membrane', 'tertrapeptide', '', '', NULL;
616, 0, 1, 'tertrapeptide', 111, 114, 'V-R-R-T', 'binding membrane', 'tertrapeptide', '', '', NULL;
268, 9, 1, 'motif I', 1671, 1675, 'G-x-G-K-T', 'helicase', 'super family 2', '', '', NULL;
269, 6, 1, 'motif I', 1233, 1237, 'G-S-G-K-S', 'helicase', 'super family 2', '', '', NULL;
345, 9, 1, 'motif I', 1698, 1702, 'G-A-G-K-T', 'helicase', 'super family 2', '', '', NULL;
506, 6, 5, 'motif I', 1233, 1237, 'G-S-G-K-S', 'helicase', 'super family 2', '', '', NULL;
508, 9, 1, 'motif I', 1700, 1704, 'G-A-G-K-T', 'helicase', 'super family 2', '', '', NULL;
509, 9, 1, 'motif I', 1701, 1705, 'G-S-G-K-T', 'helicase', 'super family 2', '', '', NULL;
511, 9, 1, 'motif I', 1643, 1647, 'G-K-G-K-T', 'helicase', 'super family 2', '', '', NULL;
512, 9, 1, 'motif I', 1685, 1689, 'G-A-G-K-T', 'helicase', 'super family 2', '', '', NULL;
513, 6, 1, 'motif I', 2046, 2050, 'G-K-G-K-T', 'helicase', 'super family 2', '', '', NULL;
516, 9, 1, 'motif I', 1691, 1695, 'G-S-G-K-T', 'helicase', 'super family 2', '', '', NULL;
517, 4, 1, 'motif I', 1097, 1101, 'G-A-G-K-S', 'helicase', 'super family 2', '', '', NULL;
518, 9, 1, 'motif I', 1691, 1695, 'G-S-G-K-T', 'helicase', 'super family 2', '', '', NULL;
519, 4, 1, 'motif I', 1128, 1132, 'G-A-G-K-S', 'helicase', 'super family 2', '', '', NULL;
521, 8, 1, 'motif I', 1691, 1695, 'G-S-G-K-T', 'helicase', 'super family 2', '', '', NULL;
522, 9, 1, 'motif I', 1691, 1695, 'G-S-G-K-T', 'helicase', 'super family 2', '', '', NULL;
523, 9, 1, 'motif I', 1691, 1695, 'G-S-G-K-T', 'helicase', 'super family 2', '', '', NULL;
524, 9, 1, 'motif I', 1670, 1674, 'G-A-G-K-T', 'helicase', 'super family 2', '', '', NULL;
525, 4, 1, 'motif I', 1164, 1168, 'G-S-G-K-S', 'helicase', 'super family 2', '', '', NULL;
526, 9, 1, 'motif I', 1660, 1664, 'G-S-G-K-T', 'helicase', 'super family 2', '', '', NULL;
527, 9, 1, 'motif I', 1661, 1665, 'G-S-G-K-T', 'helicase', 'super family 2', '', '', NULL;
528, 9, 1, 'motif I', 1662, 1666, 'G-S-G-K-T', 'helicase', 'super family 2', '', '', NULL;
529, 9, 1, 'motif I', 1693, 1697, 'G-S-G-K-T', 'helicase', 'super family 2', '', '', NULL;
530, 9, 1, 'motif I', 1662, 1666, 'G-x-G-K-T', 'helicase', 'super family 2', '', '', NULL;
530, 9, 2, 'motif Ia', 1687, 1696, 'L-A-P-T-R-V-V-V-K-E', 'helicase', 'super family 2', '', '', NULL;
529, 9, 2, 'motif Ia', 1718, 1727, 'L-A-P-T-R-V-V-L-K-E', 'helicase', 'super family 2', '', '', NULL;
528, 9, 2, 'motif Ia', 1687, 1696, 'L-A-P-T-R-V-V-I-K-E', 'helicase', 'super family 2', '', '', NULL;
527, 9, 2, 'motif Ia', 1686, 1695, 'L-A-P-T-R-V-V-I-K-E', 'helicase', 'super family 2', '', '', NULL;
526, 9, 2, 'motif Ia', 1685, 1694, 'L-A-P-T-R-I-V-V-K-E', 'helicase', 'super family 2', '', '', NULL;
524, 9, 2, 'motif Ia', 1695, 1704, 'L-V-P-T-R-V-V-A-N-E', 'helicase', 'super family 2', '', '', NULL;
523, 9, 2, 'motif Ia', 1716, 1725, 'L-A-P-T-R-V-V-L-K-E', 'helicase', 'super family 2', '', '', NULL;
522, 9, 2, 'motif Ia', 1716, 1725, 'L-A-P-T-R-V-V-L-K-E', 'helicase', 'super family 2', '', '', NULL;
521, 8, 2, 'motif Ia', 1716, 1725, 'L-A-P-T-R-V-V-L-R-E', 'helicase', 'super family 2', '', '', NULL;
518, 9, 2, 'motif Ia', 1716, 1725, 'L-A-P-T-R-V-V-L-K-E', 'helicase', 'super family 2', '', '', NULL;
516, 9, 2, 'motif Ia', 1716, 1725, 'L-A-P-T-R-V-V-L-K-E', 'helicase', 'super family 2', '', '', NULL;
512, 9, 2, 'motif Ia', 1710, 1719, 'L-A-P-TR-V-V-L-S-E', 'helicase', 'super family 2', '', '', NULL;
511, 9, 2, 'motif Ia', 1668, 1677, 'L-T-P-T-R-V-V-M-A-E', 'helicase', 'super family 2', '', '', NULL;
509, 9, 2, 'motif Ia', 1726, 1735, 'L-A-P-T-R-V-V-A-A-E', 'helicase', 'super family 2', '', '', NULL;
508, 9, 2, 'motif Ia', 1725, 1734, 'L-A-P-T-R-V-V-A-A-E', 'helicase', 'super family 2', '', '', NULL;
345, 9, 2, 'motif Ia', 1723, 1732, 'L-A-P-T-R-V-V-A-A-E', 'helicase', 'super family 2', '', '', NULL;
268, 9, 2, 'motif Ia', 1696, 1705, 'L-A-P-T-R-V-V-A-A-E', 'helicase', 'super family 2', '', '', NULL;
268, 9, 3, 'motif II', 1759, 1765, 'D-E-A-H-F-T-D', 'helicase', 'super family 2', '', '', NULL;
269, 6, 2, 'motif II', 1316, 1322, 'D-E-C-H-S-T-D', 'helicase', 'super family 2', '', '', NULL;
345, 9, 3, 'motif II', 1786, 1792, 'D-E-A-H-F-T-D', 'helicase', 'super family 2', '', '', NULL;
506, 6, 6, 'motif II', 1316, 1322, 'D-E-C-H-S-T-D', 'helicase', 'super family 2', '', '', NULL;
508, 9, 3, 'motif II', 1788, 1794, 'D-E-A-H-F-T-D', 'helicase', 'super family 2', '', '', NULL;
509, 9, 3, 'motif II', 1789, 1795, 'D-E-A-H-F-T-D', 'helicase', 'super family 2', '', '', NULL;
511, 9, 3, 'motif II', 1729, 1735, 'D-E-C-H-F-M-D', 'helicase', 'super family 2', '', '', NULL;
512, 9, 3, 'motif II', 1773, 1779, 'D-E-A-H-F-L-D', 'helicase', 'super family 2', '', '', NULL;
513, 6, 2, 'motif II', 1228, 1234, 'D-E-C-H-A-T-D', 'helicase', 'super family 2', '', '', NULL;
516, 9, 3, 'motif II', 1779, 1785, 'D-E-A-H-W-T-D', 'helicase', 'super family 2', '', '', NULL;
517, 4, 2, 'motif II', 1184, 1190, 'D-E-C-H-S-H-D', 'helicase', 'super family 2', '', '', NULL;
518, 9, 3, 'motif II', 1780, 1786, 'D-E-A-H-W-T-D', 'helicase', 'super family 2', '', '', NULL;
519, 4, 2, 'motif II', 1215, 1221, 'D-E-C-H-S-H-D', 'helicase', 'super family 2', '', '', NULL;
521, 8, 3, 'motif II', 1779, 1785, 'D-E-A-H-W-T-D', 'helicase', 'super family 2', '', '', NULL;
522, 9, 3, 'motif II', 1779, 1785, 'D-E-A-H-W-T-D', 'helicase', 'super family 2', '', '', NULL;
523, 9, 3, 'motif II', 1780, 1786, 'D-E-A-H-W-T-D', 'helicase', 'super family 2', '', '', NULL;
524, 9, 3, 'motif II', 1759, 1765, 'D-E-S-H-F-C-N', 'helicase', 'super family 2', '', '', NULL;
525, 4, 2, 'motif II', 1251, 1257, 'D-E-C-H-S-T-D', 'helicase', 'super family 2', '', '', NULL;
526, 9, 3, 'motif II', 1747, 1753, 'D-E-A-H-W-T-D', 'helicase', 'super family 2', '', '', NULL;
527, 9, 3, 'motif II', 1748, 1754, 'D-E-A-H-W-T-D', 'helicase', 'super family 2', '', '', NULL;
528, 9, 3, 'motif II', 1749, 1755, 'D-E-A-H-W-T-D', 'helicase', 'super family 2', '', '', NULL;
530, 9, 3, 'motif II', 1749, 1755, 'D-E-A-H-W-T-D', 'helicase', 'super family 2', '', '', NULL;
524, 9, 4, 'motif III', 1792, 1795, 'T-A-T-G', 'helicase', 'super family 2', 'WARNING DIVERGENT MOTIF : T-A-T-G', '', NULL;
268, 9, 4, 'motif III', 1790, 1795, 'T-A-T-P-P-G', 'helicase', 'super family 2', '', '', NULL;
269, 6, 3, 'motif III', 1348, 1353, 'T-A-T-P-P-G', 'helicase', 'super family 2', '', '', NULL;
345, 9, 4, 'motif III', 1817, 1822, 'T-A-T-P-P-G', 'helicase', 'super family 2', '', '', NULL;
506, 6, 7, 'motif III', 1348, 1353, 'T-A-T-P-P-G', 'helicase', 'super family 2', '', '', NULL;
509, 9, 4, 'motif III', 1820, 1825, 'T-A-T-P-P-G', 'helicase', 'super family 2', '', '', NULL;
512, 9, 4, 'motif III', 1804, 1809, 'T-A-T-P-P-G', 'helicase', 'super family 2', '', '', NULL;
513, 6, 3, 'motif III', 1260, 1265, 'T-A-T-P-P-G', 'helicase', 'super family 2', '', '', NULL;
516, 9, 4, 'motif III', 1810, 1815, 'T-A-T-P-P-G', 'helicase', 'super family 2', '', '', NULL;
517, 4, 3, 'motif III', 1216, 1221, 'T-A-T-P-P-G', 'helicase', 'super family 2', '', '', NULL;
518, 9, 4, 'motif III', 1811, 1816, 'T-A-T-P-P-G', 'helicase', 'super family 2', '', '', NULL;
519, 4, 3, 'motif III', 1247, 1252, 'T-A-T-P-P-G', 'helicase', 'super family 2', '', '', NULL;
521, 8, 4, 'motif III', 1810, 1815, 'T-A-T-P-P-G', 'helicase', 'super family 2', '', '', NULL;
522, 9, 4, 'motif III', 1810, 1815, 'T-A-T-P-P-G', 'helicase', 'super family 2', '', '', NULL;
523, 9, 4, 'motif III', 1811, 1816, 'T-A-T-P-P-G', 'helicase', 'super family 2', '', '', NULL;
525, 4, 3, 'motif III', 1283, 1288, 'T-A-T-P-P-G', 'helicase', 'super family 2', '', '', NULL;
526, 9, 4, 'motif III', 1778, 1783, 'T-A-T-P-P-G', 'helicase', 'super family 2', '', '', NULL;
527, 9, 4, 'motif III', 1779, 1784, 'T-A-T-P-P-G', 'helicase', 'super family 2', '', '', NULL;
528, 9, 4, 'motif III', 1780, 1785, 'T-A-T-P-P-G', 'helicase', 'super family 2', '', '', NULL;
529, 9, 3, 'motif III', 1812, 1817, 'T-A-T-P-P-G', 'helicase', 'super family 2', '', '', NULL;
529, 9, 4, 'motif II', 1781, 1784, 'D-E-A-H', 'helicase', 'super family 2', '', '', NULL;
530, 9, 4, 'motif III', 1780, 1785, 'T-A-T-P-P-G', 'helicase', 'super family 2', '', '', NULL;
511, 9, 4, 'motif III', 1759, 1764, 'S-A-T-P-P-G', 'helicase', 'super family 2', '', '', NULL;
508, 9, 4, 'motif III', 1819, 1824, 'T-A-T-P-P-G', 'helicase', 'super family 2', '', '', NULL;
268, 9, 5, 'motif IV', 1836, 1839, 'F-V-P-S', 'helicase', 'super family 2', '', '', NULL;
345, 9, 5, 'motif IV', 1863, 1866, 'F-V-P-S', 'helicase', 'super family 2', '', '', NULL;
508, 9, 5, 'motif IV', 1865, 1868, 'F-V-A-S', 'helicase', 'super family 2', '', '', NULL;
509, 9, 5, 'motif IV', 1866, 1869, 'F-V-A-S', 'helicase', 'super family 2', '', '', NULL;
511, 9, 5, 'motif IV', 1806, 1809, 'F-V-P-S', 'helicase', 'super family 2', '', '', NULL;
516, 9, 5, 'motif IV', 1856, 1859, 'F-V-P-S', 'helicase', 'super family 2', '', '', NULL;
518, 9, 5, 'motif IV', 1857, 1860, 'F-V-P-S', 'helicase', 'super family 2', '', '', NULL;
521, 8, 5, 'motif IV', 1856, 1859, 'F-V-P-S', 'helicase', 'super family 2', '', '', NULL;
522, 9, 5, 'motif IV', 1856, 1859, 'F-V-P-S', 'helicase', 'super family 2', '', '', NULL;
523, 9, 5, 'motif IV', 1857, 1860, 'F-V-S-S', 'helicase', 'super family 2', '', '', NULL;
526, 9, 5, 'motif IV', 1824, 1824, 'F-V-P-S', 'helicase', 'super family 2', '', '', NULL;
524, 9, 5, 'motif IV', 1833, 1836, 'F-V-A-S', 'helicase', 'super family 2', '', '', NULL;
527, 9, 5, 'motif IV', 1825, 1828, 'F-V-P-S', 'helicase', 'super family 2', '', '', NULL;
528, 9, 5, 'motif IV', 1826, 1829, 'F-V-P-S', 'helicase', 'super family 2', '', '', NULL;
529, 9, 5, 'motif IV', 1858, 1861, 'F-V-P-S', 'helicase', 'super family 2', '', '', NULL;
530, 9, 5, 'motif IV', 1826, 1829, 'F-V-P-S', 'helicase', 'super family 2', '', '', NULL;
512, 9, 5, 'motif IV', 1850, 1853, 'F-L-P-S', 'helicase', 'super family 2', '', '', NULL;
268, 9, 6, 'motif V', 1883, 1891, 'T-D-I-S-E-M-G-A-N', 'helicase', 'super family 2', '', '', NULL;
345, 9, 6, 'motif V', 1910, 1918, 'T-D-I-S-E-M-G-A-N', 'helicase', 'super family 2', '', '', NULL;
508, 9, 6, 'motif V', 1912, 1920, 'T-D-I-S-E-M-G-A-N', 'helicase', 'super family 2', '', '', NULL;
509, 9, 6, 'motif V', 1913, 1921, 'T-D-I-S-E-M-G-A-N', 'helicase', 'super family 2', '', '', NULL;
511, 9, 6, 'motif V', 1849, 1857, 'T-D-I-S-E-M-G-A-N', 'helicase', 'super family 2', '', '', NULL;
512, 9, 6, 'motif V', 1897, 1905, 'T-D-I-A-E-M-G-A-N', 'helicase', 'super family 2', '', '', NULL;
516, 9, 6, 'motif V', 1903, 1911, 'T-D-I-S-E-M-G-A-N', 'helicase', 'super family 2', '', '', NULL;
518, 9, 6, 'motif V', 1904, 1912, 'T-D-I-S-E-M-G-A-N', 'helicase', 'super family 2', '', '', NULL;
521, 8, 6, 'motif V', 1903, 1911, 'T-D-I-S-E-M-G-A-N', 'helicase', 'super family 2', '', '', NULL;
522, 9, 6, 'motif V', 1903, 1911, 'T-D-I-S-E-M-G-A-N', 'helicase', 'super family 2', '', '', NULL;
523, 9, 6, 'motif V', 1904, 1912, 'T-D-I-S-E-V-G-A-N', 'helicase', 'super family 2', '', '', NULL;
526, 9, 6, 'motif V', 1871, 1879, 'T-D-I-S-E-M-G-A-N', 'helicase', 'super family 2', '', '', NULL;
527, 9, 6, 'motif V', 1872, 1880, 'T-D-I-S-E-M-G-A-N', 'helicase', 'super family 2', '', '', NULL;
528, 9, 6, 'motif V', 1873, 1881, 'T-D-I-S-E-M-G-A-N', 'helicase', 'super family 2', '', '', NULL;
529, 9, 6, 'motif V', 1905, 1913, 'T-D-I-S-E-M-G-A-N', 'helicase', 'super family 2', '', '', NULL;
530, 9, 6, 'motif V', 1873, 1881, 'T-D-I-S-E-M-G-A-N', 'helicase', 'super family 2', '', '', NULL;
524, 9, 6, 'motif V', 1880, 1888, 'T-N-I-S-E-M-G-A-N', 'helicase', 'super family 2', '', '', NULL;
524, 9, 7, 'motif VI', 1924, 1931, 'Q-R-R-G-R-V-G-R', 'helicase', 'super family 2', '', '', NULL;
268, 9, 7, 'motif VI', 1931, 1938, 'Q-R-R-G-R-I-G-R', 'helicase', 'super family 2', '', '', NULL;
269, 6, 4, 'motif VI', 1486, 1493, 'Q-R-R-G-R-T-G-R', 'helicase', 'super family 2', '', '', NULL;
345, 9, 7, 'motif VI', 1958, 1965, 'Q-R-R-G-R-I-G-R', 'helicase', 'super family 2', '', '', NULL;
506, 6, 8, 'motif VI', 1486, 1493, 'Q-R-R-G-R-T-G-R', 'helicase', 'super family 2', '', '', NULL;
508, 9, 7, 'motif VI', 1960, 1967, 'Q-R-R-G-R-V-G-R', 'helicase', 'super family 2', '', '', NULL;
509, 9, 7, 'motif VI', 1961, 1968, 'Q-R-R-G-R-V-G-R', 'helicase', 'super family 2', '', '', NULL;
511, 9, 7, 'motif VI', 1894, 1901, 'Q-R-R-G-R-T-G-R', 'helicase', 'super family 2', '', '', NULL;
512, 9, 7, 'motif VI', 1944, 1951, 'Q-R-R-G-R-I-G-R', 'helicase', 'super family 2', '', '', NULL;
513, 6, 4, 'motif VI', 1397, 1404, 'Q-R-R-G-R-T-G-R', 'helicase', 'super family 2', '', '', NULL;
516, 9, 7, 'motif VI', 1948, 1955, 'Q-R-R-G-R-V-G-R', 'helicase', 'super family 2', '', '', NULL;
517, 4, 4, 'motif VI', 1352, 1359, 'Q-R-R-G-R-T-G-R', 'helicase', 'super family 2', '', '', NULL;
518, 9, 7, 'motif VI', 1949, 1956, 'Q-R-R-G-R-V-G-R', 'helicase', 'super family 2', '', '', NULL;
519, 4, 4, 'motif VI', 1383, 1390, 'Q-R-R-G-R-T-G-R', 'helicase', 'super family 2', '', '', NULL;
521, 8, 7, 'motif VI', 1948, 1955, 'Q-R-R-G-R-V-G-R', 'helicase', 'super family 2', '', '', NULL;
522, 9, 7, 'motif VI', 1948, 1955, 'Q-R-R-G-R-V-G-R', 'helicase', 'super family 2', '', '', NULL;
523, 9, 7, 'motif VI', 1949, 1956, 'Q-R-R-G-R-V-G-R', 'helicase', 'super family 2', '', '', NULL;
524, 9, 8, 'motif VI', 1924, 1931, 'Q-R-R-G-R-V-G-R', 'helicase', 'super family 2', '', '', NULL;
525, 4, 4, 'motif VI', 1419, 1426, 'Q-R-R-G-R-C-G-R', 'helicase', 'super family 2', '', '', NULL;
526, 9, 7, 'motif VI', 1916, 1923, 'Q-R-R-G-R-V-G-R', 'helicase', 'super family 2', '', '', NULL;
527, 9, 7, 'motif VI', 1917, 1924, 'Q-R-R-G-R-V-G-R', 'helicase', 'super family 2', '', '', NULL;
528, 9, 7, 'motif VI', 1918, 1925, 'Q-R-R-G-R-V-G-R', 'helicase', 'super family 2', '', '', NULL;
529, 9, 7, 'motif VI', 1950, 1957, 'Q-R-R-G-R-V-G-R', 'helicase', 'super family 2', '', '', NULL;
530, 9, 7, 'motif VI', 1918, 1925, 'Q-R-R-G-R-V-G-R', 'helicase', 'super family 2', '', '', NULL;
369, 0, 1, 'motif zinc bind', 243, 291, 'H-R-R-E-x(11)-V-x(2)-W-C-N-P-x-C-x(2)-I-x(8)-C-x-C-x(2)-C-P-x(2)-C-x(2)-C', 'zinc binding', 'paramyxoviridae', 'in F22 ', '', NULL;
374, 0, 1, 'motif A', 661, 671, 'S-T-F-x(2)-T-D-L-Q-K-F', 'polymerase', 'mononegavirales', '', '', NULL;
374, 0, 2, 'motif C', 775, 779, 'Q-G-D-N-E', 'polymerase', 'mononegavirales', '', '', NULL;
374, 0, 3, 'motif B', 741, 753, 'G-G-I-E-G-F-N-Q-K-L-W-T-I', 'polymerase', 'mononegavirales', 'WARNING : G-G-I-E-G-F-[N]instead_of[CSQR]-Q-K-L-W-T-I', '', NULL;
366, 0, 1, 'motif A', 657, 667, 'S-A-F-x(2)-T-D-L-K-K-Y', 'polymerase', 'mononegavirales', '', '', NULL;
366, 0, 2, 'motif B', 737, 749, 'G-G-I-E-G-Y-C-Q-K-L-W-T-I', 'polymerase', 'mononegavirales', '', '', NULL;
366, 0, 3, 'motif C', 771, 775, 'Q-G-D-N-Q', 'polymerase', 'mononegavirales', '', '', NULL;
359, 0, 1, 'motif A', 561, 571, 'H-I-N-x(2)-L-D-I-N-K-F', 'polymerase', 'mononegavirales', '', '', NULL;
359, 0, 2, 'motif B', 651, 663, 'G-G-I-E-G-L-C-Q-Y-V-W-T-I', 'polymerase', 'mononegavirales', '', '', NULL;
359, 0, 3, 'motif C', 685, 689, 'Q-G-D-N-V', 'polymerase', 'mononegavirales', '', '', NULL;
74, 0, 1, 'motif A', 657, 667, 'S-A-F-x(2)-T-D-L-K-K-Y', 'polymerase', 'mononegavirales', '', '', NULL;
74, 0, 2, 'motif B', 737, 749, 'G-G-V-E-G-Y-C-Q-K-L-W-T-I', 'polymerase', 'mononegavirales', '', '', NULL;
74, 0, 3, 'motif C', 771, 775, 'Q-G-D-N-Q', 'polymerase', 'mononegavirales', '', '', NULL;
82, 0, 1, 'motif', 322, 336, 'F-x(4)-Y-x(3)-W-S-F-A-M-G', 'nucleocapsid', 'paramyxovirinae', '', '', NULL;
612, 0, 1, 'motif', 317, 331, 'F-x(4)-Y-x(3)-W-S-F-A-M-G', 'nucleocapsid', 'paramyxovirinae', '', '', NULL;
90, 0, 1, 'motif', 324, 338, 'F-x(4)-Y-x(3)-W-S-Y-A-M-G', 'nucleocapsid', 'paramyxovirinae', '', '', NULL;
68, 0, 1, 'motif', 324, 338, 'F-x(4)-Y-x(3)-W-S-Y-A-M-G', 'nucleocapsid', 'paramyxovirinae', '', '', NULL;
75, 0, 1, 'motif', 324, 338, 'F-x(4)-Y-x(3)-W-S-Y-A-M-G', 'nucleocapsid', 'paramyxovirinae', '', '', NULL;
97, 0, 1, 'motif', 324, 338, 'F-x(4)-Y-x(3)-W-S-Y-A-M-G', 'nucleocapsid', 'paramyxovirinae', '', '', NULL;
106, 0, 1, 'motif', 324, 338, 'F-x(4)-Y-x(3)-W-S-Y-A-M-G', 'nucleocapsid', 'paramyxovirinae', '', '', NULL;
124, 0, 1, 'motif', 323, 337, 'F-x(4)-Y-x(3)-W-S-Y-A-M-G', 'nucleocapsid', 'paramyxovirinae', '', '', NULL;
360, 0, 1, 'motif', 324, 338, 'F-x(4)-Y-x(3)-W-S-Y-A-M-G', 'nucleocapsid', 'paramyxovirinae', '', '', NULL;
367, 0, 1, 'motif', 322, 336, 'F-x(4)-Y-x(3)-W-S-Y-A-M-G', 'nucleocapsid', 'paramyxovirinae', '', '', NULL;
388, 0, 1, 'motif', 324, 338, 'F-x(4)-Y-x(3)-W-S-Y-A-M-G', 'nucleocapsid', 'paramyxovirinae', '', '', NULL;
9, 0, 1, 'motif', 324, 338, 'F-x(4)-Y-x(3)-Y-S-Y-A-M-G', 'nucleocapsid', 'paramyxovirinae', '', '', NULL;
24, 0, 1, 'motif', 324, 338, 'F-x(4)-Y-x(3)-Y-S-Y-A-M-G', 'nucleocapsid', 'paramyxovirinae', '', '', NULL;
30, 0, 1, 'motif', 324, 338, 'F-x(4)-Y-x(3)-Y-S-Y-A-M-G', 'nucleocapsid', 'paramyxovirinae', '', '', NULL;
55, 0, 1, 'motif', 323, 337, 'F-x(4)-Y-x(3)-Y-S-Y-A-M-G', 'nucleocapsid', 'paramyxovirinae', '', '', NULL;
337, 0, 1, 'motif', 324, 338, 'F-x(4)-Y-x(3)-Y-S-Y-A-M-G', 'nucleocapsid', 'paramyxovirinae', '', '', NULL;
38, 0, 1, 'motif', 324, 338, 'F-x(4)-Y-x(3)-F-S-Y-A-M-G', 'nucleocapsid', 'paramyxovirinae', '', '', NULL;
47, 0, 1, 'motif', 324, 338, 'F-x(4)-Y-x(3)-F-S-Y-A-M-G', 'nucleocapsid', 'paramyxovirinae', '', '', NULL;
62, 0, 1, 'motif', 322, 336, 'F-x(4)-Y-x(3)-Y-S-F-A-M-G', 'nucleocapsid', 'paramyxovirinae', '', '', NULL;
569, 0, 1, 'motif', 322, 336, 'F-x(4)-Y-x(3)-Y-S-F-A-M-G', 'nucleocapsid', 'paramyxovirinae', '', '', NULL;
116, 0, 1, 'motif', 323, 337, 'F-x(4)-Y-x(3)-W-S-Y-A-M-G', 'nucleocapsid', 'paramyxovirinae', '', '', NULL;
243, 0, 1, 'motif furine protease', 246, 249, 'R-R-R-R', 'protease furine', 'cellulaire', '', '', 9060684;
193, 0, 1, 'N-linked', 179, 336, 'N-x(156)-N', 'glycosylation', '', '', 'Fields', NULL;
175, 0, 1, 'motif furin', 498, 501, 'R-T-R-R', 'convertase furin', '', '', '', NULL;
606, 0, 1, 'motif zinc bind', 148, 162, 'C-x(2)-C-x(7)-H-x(2)-H', 'zinc binding', 'no functional', 'no functional zinc finger', 'Nat Struct Biol. 1997 Mar;4(3):239-44', 9164466;
333, 0, 1, 'motif zinc bind', 148, 162, 'C-x(2)-C-x(7)-H-x(2)-H', 'zinc binding', 'no functional', 'no functional zinc finger', 'Nat Struct Biol. 1997 Mar;4(3):239-44', 9164466;
437, 0, 1, 'motif zinc bind', 148, 162, 'C-x(2)-C-x(7)-H-x(2)-H', 'zinc binding', 'no functional', 'no functional zinc finger', 'Nat Struct Biol. 1997 Mar;4(3):239-44', 9164466;
582, 0, 1, 'motif zinc bind', 148, 162, 'C-x(2)-C-x(7)-H-x(2)-H', 'zinc binding', 'no functional', 'no functional zinc finger', 'Nat Struct Biol. 1997 Mar;4(3):239-44', 9164466;
599, 0, 1, 'motif zinc bind', 148, 162, 'C-x(2)-C-x(7)-H-x(2)-H', 'zinc binding', 'no functional', 'no functional zinc finger', 'Nat Struct Biol. 1997 Mar;4(3):239-44', 9164466;
310, 0, 1, 'motif zinc bind', 148, 162, 'C-x(2)-C-x(7)-H-x(2)-H', 'zinc binding', 'no functional', 'no functional zinc finger', 'Nat Struct Biol. 1997 Mar;4(3):239-44', 9164466;
174, 0, 1, 'motif budding', 7, 13, 'P-T-A-P-P-x-Y', 'budding', 'ebola ', 'Ebola virus budding is mediated by two proline-rich motifs, PPxY and PTAP, within the viral matrix protein VP40', 'J Virol. 2003 Sep;77(18):9987-92', 12941909;
14, 0, 1, 'motif A', 240, 245, 'N-R-K-S-C-N', 'Sialic acid binding site', '', 'N-R-K-S-C-S', '', 8035509;
128, 0, 1, 'motif A', 252, 257, 'N-R-R-S-C-S', 'Sialic acid binding site', '', 'N-R-K-S-C-S', '', 8035509;
618, 0, 1, 'motif A', 246, 251, 'N-R-K-S-C-S', 'Sialic acid binding site', '', '', '', 8035509;
573, 0, 1, 'motif A', 234, 239, 'N-R-K-S-C-S', 'Sialic acid binding site', '', '', '', 8035509;
114, 0, 1, 'motif A', 254, 259, 'N-R-K-S-C-S', 'Sialic acid binding site', '', '', '', 8035509;
60, 0, 1, 'motif A', 228, 233, 'N-R-K-S-C-S', 'Sialic acid binding site', '', '', '', 8035509;
122, 0, 1, 'motif A', 252, 257, 'N-R-K-S-C-S', 'Sialic acid binding site', '', '', '', 8035509;
45, 0, 1, 'motif A', 240, 245, 'N-R-K-S-C-S', 'Sialic acid binding site', '', '', '', 8035509;
53, 0, 1, 'motif A', 240, 245, 'N-R-K-S-C-S', 'Sialic acid binding site', '', '', '', 8035509;
66, 0, 1, 'motif A', 234, 239, 'N-R-K-S-C-S', 'Sialic acid binding site', '', '', '', 8035509;
104, 0, 1, 'motif A', 254, 259, 'N-R-K-S-C-S', 'Sialic acid binding site', '', '', '', 8035509;
28, 0, 1, 'motif A', 224, 229, 'N-R-K-S-C-S', 'Sialic acid binding site', '', '', '', 8035509;
36, 0, 1, 'motif A', 223, 228, 'N-R-K-S-C-S', 'Sialic acid binding site', '', '', '', 8035509;
88, 0, 1, 'motif A', 278, 283, 'T-I-H-H-C-S', 'Sialic acid binding site', '', 'N-R-K-S-C-S', '', 8035509;
373, 0, 1, 'motif A', 309, 314, 'V-F-D-G-C-S', 'Sialic acid binding site', '', 'N-R-K-S-C-S', '', 8035509;
7, 0, 1, 'motif A', 278, 283, 'T-V-Y-H-C-S', 'Sialic acid binding site', '', 'N-R-K-S-C-S', '', 8035509;
343, 0, 1, 'motif A', 251, 256, 'Q-A-R-G-C-S', 'Sialic acid binding site', '', 'N-R-K-S-C-S', '', 8035509;
22, 0, 1, 'motif A', 340, 345, 'N-L-R-D-C-S', 'Sialic acid binding site', '', 'N-R-K-S-C-S', '', 8035509;
514, 9, 1, 'motif I', 1816, 1820, 'G-x-G-K-T', 'helicase', 'super family 2', '', '', NULL;
514, 9, 3, 'motif II', 1908, 1911, 'D-E-x-H', 'helicase', 'super family 2', '', '', NULL;
514, 9, 4, 'motif III', 1937, 1942, 'T-A-T-P-x-G', 'helicase', 'super family 2', '', '', NULL;
514, 9, 5, 'motif IV', 1989, 1994, 'L-V-F-V-P-A', 'helicase', 'super family 2', '', '', NULL;
514, 9, 6, 'motif VI', 2089, 2096, 'Q-R-R-G-R-V-G-R', 'helicase', 'super family 2', '', '', NULL;
514, 9, 2, 'motif Ia', 1840, 1848, 'L-x-P-x-R-A-x(2)-E', 'helicase', 'super family 2', 'non canonical', '', NULL;
515, 9, 1, 'motif I', 1815, 1819, 'G-x-G-K-T', 'helicase', 'super family 2', '', '', NULL;
515, 9, 2, 'motif Ia', 1839, 1847, 'L-I-P-L-R-A-A-A-E', 'helicase', 'super family 2', 'non canonical', '', NULL;
515, 9, 4, 'motif III', 1936, 1940, 'T-A-T-P-A', 'helicase', 'super family 2', '', '', NULL;
515, 9, 3, 'motif II', 1907, 1910, 'D-E-X-H', 'helicase', 'super family 2', '', '', NULL;
515, 9, 5, 'motif IV', 1988, 1993, 'L-V-F-V-P-T', 'helicase', 'super family 2', '', '', NULL;
515, 9, 6, 'motif VI', 2088, 2095, 'Q-R-R-G-R-V-G-R', 'helicase', 'super family 2', '', '', NULL;
510, 9, 2, 'motif I', 1908, 1912, 'G-x-G-K-T', 'helicase', 'super family 2', '', '', NULL;
510, 9, 3, 'motif Ia', 1932, 1940, 'L-x-P-x-R-A-x(2)-E', 'helicase', 'super family 2', 'non canonical', '', NULL;
510, 9, 4, 'motif II', 2000, 2003, 'D-E-x-H', 'helicase', 'super family 2', '', '', NULL;
510, 9, 5, 'motif III', 2029, 2033, 'T-A-T-P-A', 'helicase', 'super family 2', '', '', NULL;
510, 9, 6, 'motif IV', 2081, 2086, 'L-V-F-V-P-T', 'helicase', 'super family 2', '', '', NULL;
510, 9, 7, 'motif VI', 2181, 2188, 'Q-R-R-G-R-V-G-R', 'helicase', 'super family 2', '', '', NULL;
520, 9, 1, 'motif I', 1818, 1822, 'G-x-G-K-T', 'helicase', 'super family 2', '', '', NULL;
520, 9, 2, 'motif Ia', 1842, 1850, 'L-x-P-x-R-A-x(2)-E', 'helicase', 'super family 2', 'non canonical', '', NULL;
520, 9, 3, 'motif II', 1910, 1913, 'D-E-x-H', 'helicase', 'super family 2', '', '', NULL;
520, 9, 4, 'motif III', 1939, 1943, 'T-A-T-P-A', 'helicase', 'super family 2', '', '', NULL;
520, 9, 5, 'motif iV', 1991, 1996, 'L-V-F-V-P-T', 'helicase', 'super family 2', '', '', NULL;
520, 9, 6, 'motif VI', 2091, 2098, 'Q-R-R-G-R-V-G-R', 'helicase', 'super family 2', '', '', NULL;
531, 9, 1, 'motif I', 1815, 1819, 'G-x-G-K-T', 'helicase', 'super family 2', '', '', NULL;
531, 9, 2, 'motif Ia', 1839, 1847, 'L-x-P-x-R-A-x(2)-E', 'helicase', 'super family 2', 'non canonical', '', NULL;
531, 9, 3, 'motif II', 1907, 1910, 'D-E-x-H', 'helicase', 'super family 2', '', '', NULL;
531, 9, 4, 'motif III', 1936, 1940, 'T-A-T-P-A', 'helicase', 'super family 2', '', '', NULL;
531, 9, 5, 'motif IV', 1988, 1993, 'L-V-F-V-P-T', 'helicase', 'super family 2', '', '', NULL;
531, 9, 6, 'motif VI', 2088, 2095, 'Q-R-R-G-R-V-G-R', 'helicase', 'super family 2', '', '', NULL;
532, 9, 6, 'motif VI', 2181, 2188, 'Q-R-R-G-R-V-G-R', 'helicase', 'super family 2', '', '', NULL;
532, 9, 5, 'motif IV', 2081, 2086, 'L-V-F-V-P-T', 'helicase', 'super family 2', '', '', NULL;
532, 9, 2, 'motif Ia', 1932, 1940, 'L-x-P-x-R-A-x(2)-E', 'helicase', 'super family 2', 'non canonical', '', NULL;
532, 9, 1, 'motif I', 1908, 1912, 'G-x-G-K-T', 'helicase', 'super family 2', '', '', NULL;
532, 9, 3, 'motif II', 2000, 2003, 'D-E-x-H', 'helicase', 'super family 2', '', '', NULL;
532, 9, 4, 'motif III', 2029, 2033, 'T-A-T-P-A', 'helicase', 'super family 2', '', '', NULL;
349, 2, 1, 'motif I', 719, 731, 'V-x-G-x-P-G-x-G-K-S-x-I-I', 'helicase', 'super family 1', '', 'Modularity and specialization in superfamily 1 and 2 helicases.J Bacteriol. 2002 Apr;184(7):1819-26. Review. ', 11889086;
349, 2, 2, 'motif II', 784, 790, 'L-Y-I-D-E-x-F', 'helicase', 'super family 1', '', '', 11889086;
349, 2, 3, 'motif III', 809, 817, 'x-V-L-x-G-D-P-K-Q', 'helicase', 'super family 1', '', '', 11889086;
349, 2, 4, 'motif V', 912, 921, 'T-x(4)-Q-G-L-T-R', 'helicase', 'super family 1', '', '', 11889086;
349, 2, 5, 'motif VI', 946, 950, 'V-L-L-T-R', 'helicase', 'super family 1', 'non canonical', '', NULL;
350, 2, 1, 'motif I', 719, 731, 'V-x-G-x-P-G-x-G-K-S-x-I-I', 'helicase', 'super family 1 ', '', 'Modularity and specialization in superfamily 1 and 2 helicases.J Bacteriol. 2002 Apr;184(7):1819-26. Review.   ', 11889086;
350, 2, 2, 'motif II', 784, 790, 'L-Y-I-D-E-x-F', 'helicase', 'super family 1  ', '', '', 11889086;
350, 2, 3, 'motif III', 809, 817, 'x-V-L-x-G-D-P-K-Q', 'helicase', 'super family 1  ', '', '', 11889086;
350, 2, 4, 'motif V', 912, 921, 'T-x(4)-Q-G-L-T-R', 'helicase', 'super family 1  ', '', '', 11889086;
350, 2, 5, 'motif VI', 946, 950, 'V-L-L-T-R', 'helicase', 'super family 1 ', 'non canonical ', '', 11889086;
626, 2, 5, 'motif VI', 955, 959, 'V-L-L-T-R', 'helicase', 'super family 1', 'non canonical  ', '', NULL;
626, 2, 1, 'motif I', 724, 736, 'V-x-G-x-P-G-x-G-K-S-x(2)-I', 'helicase', 'super family 1', '', 'Modularity and specialization in superfamily 1 and 2 helicases.J Bacteriol. 2002 Apr;184(7):1819-26. Review.   ', 11889086;
626, 2, 2, 'motif II', 789, 795, 'L-Y-V-D-E-x-F', 'helicase', 'super family 1', '', '', 11889086;
626, 2, 3, 'motif III', 815, 823, 'x-V-L-x-G-D-P-x-Q', 'helicase', 'super family 1', '', '', 11889086;
626, 2, 4, 'motif V', 921, 930, 'T-x(4)-Q-G-L-T-R', 'helicase', 'super family 1', '', '', 11889086;
625, 2, 1, 'motif I', 724, 736, 'V-x-G-x-P-G-x-G-K-S-x(2)-I', 'helicase', 'super family 1', '', 'Modularity and specialization in superfamily 1 and 2 helicases.J Bacteriol. 2002 Apr;184(7):1819-26. Review.     ', 11889086;
625, 2, 2, 'motif II', 789, 795, 'L-Y-V-D-E-x-F', 'helicase', 'super family 1', '', '', 11889086;
625, 2, 3, 'motif III', 815, 823, 'x-V-L-x-G-D-P-x-Q', 'helicase', 'super family 1', '', '', 11889086;
625, 2, 4, 'motif V', 921, 930, 'T-x(4)-Q-G-L-T-R', 'helicase', 'super family 1', '', '', 11889086;
625, 2, 5, 'motif VI', 955, 959, 'V-L-L-T-R', 'helicase', 'super family 1', 'non canonical', '', 11889086;
642, 2, 1, 'motif I', 723, 735, 'V-x-G-x-P-G-x-G-K-S-x(2)-I', 'helicase', 'super family 1', '', 'Modularity and specialization in superfamily 1 and 2 helicases.J Bacteriol. 2002 Apr;184(7):1819-26. Review.       ', 11889086;
642, 2, 2, 'motif II', 788, 794, 'L-Y-V-D-E-x-F', 'helicase', 'super family 1', '', '', 11889086;
642, 2, 3, 'motif III', 814, 822, 'x-V-L-x-G-D-P-x-Q', 'helicase', 'super family 1', '', '', 11889086;
642, 2, 4, 'motif V', 920, 929, 'D-x(4)-Q-G-L-T-R', 'helicase', 'super family 1', 'ASP non canonical', '', 11889086;
628, 2, 1, 'motif I', 717, 729, 'V-x-G-x-P-G-x-G-K-S-x(2)-I', 'helicase', 'super family 1', '', 'Modularity and specialization in superfamily 1 and 2 helicases.J Bacteriol. 2002 Apr;184(7):1819-26. Review.       ', 11889086;
642, 2, 5, 'motif VI', 954, 958, 'V-L-L-T-R', 'helicase', 'super family 1', 'non canonical', '', 11889086;
628, 2, 2, 'motif II', 782, 788, 'L-Y-I-D-E-x-F', 'helicase', 'super family 1', '', '', 11889086;
628, 2, 3, 'motif III', 808, 816, 'x-V-L-x-G-D-P-x-Q', 'helicase', 'super family 1', '', '', 11889086;
628, 2, 4, 'motif V', 911, 920, 'T-x(4)-Q-G-L-T-R', 'helicase', 'super family 1', '', '', 11889086;
628, 2, 5, 'motif VI', 945, 949, 'V-L-L-T-R', 'helicase', 'super family 1', 'non canonical', '', NULL;
621, 2, 1, 'motif I', 717, 729, 'V-x-G-x-P-G-x-G-K-S-x(2)-I', 'helicase', 'super family 1', '', 'Modularity and specialization in superfamily 1 and 2 helicases.J Bacteriol. 2002 Apr;184(7):1819-26. Review. ', 11889086;
621, 2, 2, 'motif II', 782, 788, 'L-Y-V-D-E-x-F', 'helicase', 'super family 1', '', '', 11889086;
621, 2, 3, 'motif III', 808, 816, 'x-I-L-x-G-D-P-x-Q', 'helicase', 'super family 1', '', '', 11889086;
621, 2, 4, 'motif V', 911, 920, 'T-x(4)-Q-G-L-T-R', 'helicase', 'super family 1', '', '', 11889086;
621, 2, 5, 'motif VI', 945, 949, 'V-L-L-T-R', 'helicase', 'super family 1', 'non canonical ', '', 11889086;
644, 2, 1, 'motif I', 717, 729, 'V-x-G-x-P-G-x-G-K-S-x(2)-I', 'helicase', 'super family 1', '', 'Modularity and specialization in superfamily 1 and 2 helicases.J Bacteriol. 2002 Apr;184(7):1819-26. Review. ', 11889086;
644, 2, 2, 'motif II', 782, 788, 'L-Y-I-D-E-x-F', 'helicase', 'super family 1', '', '', 11889086;
644, 2, 3, 'motif III', 807, 815, 'x-V-L-x-G-D-P-x-Q', 'helicase', 'super family 1', '', '', 11889086;
644, 2, 4, 'motif V', 910, 919, 'T-x(4)-Q-G-L-T-R', 'helicase', 'super family 1', '', '', 11889086;
644, 2, 5, 'motif VI', 944, 948, 'V-L-L-T-R', 'helicase', 'super family 1', 'non canonical', '', NULL;
631, 2, 1, 'motif I', 719, 731, 'V-x-G-x-P-G-x-G-K-S-x(2)-I', 'helicase', 'super family 1', '', 'Modularity and specialization in superfamily 1 and 2 helicases.J Bacteriol. 2002 Apr;184(7):1819-26. Review. ', 11889086;
631, 2, 2, 'motif II', 784, 790, 'L-Y-V-D-E-x-F', 'helicase', 'super family 1', '', '', 11889086;
631, 2, 3, 'motif III', 810, 818, 'x-V-L-x-G-D-P-x-Q', 'helicase', 'super family 1', '', '', 11889086;
631, 2, 4, 'motif V', 913, 922, 'T-x(4)-Q-G-L-T-R', 'helicase', 'super family 1', '', '', 11889086;
631, 2, 5, 'motif VI', 947, 951, 'V-L-L-T-R', 'helicase', 'super family 1', 'non canonical', '', 11889086;
352, 2, 1, 'motif I', 719, 731, 'V-x-G-x-P-G-x-G-K-S-x(2)-I', 'helicase', 'super family 1', '', 'Modularity and specialization in superfamily 1 and 2 helicases.J Bacteriol. 2002 Apr;184(7):1819-26. Review.   ', 11889086;
352, 2, 2, 'motif II', 784, 790, 'L-Y-V-D-E-x-F', 'helicase', 'super family 1', '', '', 11889086;
352, 2, 3, 'motif III', 810, 818, 'x-V-L-x-G-D-P-x-Q', 'helicase', 'super family 1', '', '', 11889086;
352, 2, 4, 'motif V', 913, 922, 'T-x(4)-Q-G-L-T-R', 'helicase', 'super family 1', '', '', 11889086;
352, 2, 5, 'motif VI', 947, 951, 'V-L-L-T-R', 'helicase', 'super family 1', 'non canonical', '', NULL;
648, 2, 1, 'motif I', 719, 731, 'V-x-G-x-P-G-x-G-K-S-x(2)-I', 'helicase', 'super family 1', '', 'Modularity and specialization in superfamily 1 and 2 helicases.J Bacteriol. 2002 Apr;184(7):1819-26. Review.   ', 11889086;
648, 2, 2, 'motif II', 784, 790, 'L-Y-V-D-E-x-F', 'helicase', 'sper family 1', '', '', 11889086;
648, 2, 3, 'motif III', 810, 818, 'x-V-L-x-G-D-P-x-Q', 'helicase', 'super family 1', '', '', 11889086;
648, 2, 4, 'motif V', 913, 922, 'T-x(4)-Q-G-L-T-R', 'helicase', 'super family 1', '', '', 11889086;
648, 2, 5, 'motif VI', 947, 951, 'V-L-L-T-R', 'helicase', 'super family 1', '', '', 11889086;
635, 2, 1, 'motif I', 720, 732, 'V-x-G-x-P-G-x-G-K-S-x(2)-I', 'helicase', 'super family 1', '', 'Modularity and specialization in superfamily 1 and 2 helicases.J Bacteriol. 2002 Apr;184(7):1819-26. Review.', 11889086;
635, 2, 2, 'motif II', 785, 791, 'L-Y-V-D-E-x-F', 'helicase', 'super family 1', '', '', 11889086;
635, 2, 3, 'motif III', 811, 819, 'x-V-L-x-G-D-P-x-Q', 'helicase', 'super family 1', '', '', 11889086;
635, 2, 4, 'motif V', 914, 923, 'T-x(4)-Q-G-L-T-R', 'helicase', 'super family 1', '', '', 11889086;
635, 2, 5, 'motif VI', 948, 952, 'V-L-L-T-R', 'helicase', 'super family 1', 'non canonical', '', 11889086;
633, 2, 1, 'motif I', 721, 733, 'V-x-G-x-P-G-x-G-K-S-x(2)-I', 'helicase', 'super family 1', '', 'Modularity and specialization in superfamily 1 and 2 helicases.J Bacteriol. 2002 Apr;184(7):1819-26. Review. ', 11889086;
633, 2, 2, 'motif II', 786, 792, 'L-Y-V-D-E-x-F', 'helicase', 'super family 1', '', '', 11889086;
633, 2, 3, 'motif III', 812, 820, 'x-V-L-x-G-D-P-x-Q', 'helicase', 'super family 1', '', '', 11889086;
633, 2, 4, 'motif V', 915, 924, 'T-x(4)-Q-G-L-T-R', 'helicase', 'super family 1', '', '', 11889086;
633, 2, 5, 'motif VI', 949, 953, 'V-L-L-T-R', 'helicase', 'super family 1', 'non canonical', '', 11889086;
639, 2, 1, 'motif I', 716, 728, 'V-x-G-x-P-G-x-G-K-S-x(2)-I', 'helicase', 'super family 1', '', 'Modularity and specialization in superfamily 1 and 2 helicases.J Bacteriol. 2002 Apr;184(7):1819-26. Review. ', 11889086;
639, 2, 2, 'motif II', 781, 787, 'L-Y-I-D-E-x-F', 'helicase', 'super family 1', '', '', 11889086;
639, 2, 3, 'motif III', 806, 814, 'x-V-L-x-G-D-P-x-Q', 'helicase', 'super family 1', '', '', 11889086;
639, 2, 4, 'motif V', 909, 918, 'T-x(4)-Q-G-F-T-R', 'helicase', 'super family 1', '', '', 11889086;
639, 2, 5, 'motif VI', 943, 947, 'V-L-L-T-R', 'helicase', 'super family 1', 'non canonical', '', NULL;
646, 2, 5, 'motif VI', 977, 981, 'V-L-L-T-R', 'helicase', 'super family 1', 'non canonical', '', NULL;
646, 2, 1, 'motif I', 749, 761, 'I-x-G-x-P-G-x-G-K-T-x(2)-I', 'helicase', 'super family 1', '', 'Modularity and specialization in superfamily 1 and 2 helicases.J Bacteriol. 2002 Apr;184(7):1819-26. Review. ', 11889086;
646, 2, 2, 'motif II', 814, 820, 'L-Y-V-D-E-x-Y', 'helicase', 'super family 1', '', '', 11889086;
646, 2, 3, 'motif III', 840, 848, 'x-V-L-x-G-D-P-x-Q', 'helicase', 'super family 1', '', '', 11889086;
646, 2, 4, 'motif V', 943, 952, 'T-x(4)-Q-G-L-T-R', 'helicase', 'super family 1', '', '', 11889086;
637, 2, 1, 'motif I', 748, 760, 'I-x-G-x-P-G-x-G-K-T-x(2)-I', 'helicase', 'super family 1', '', 'Modularity and specialization in superfamily 1 and 2 helicases.J Bacteriol. 2002 Apr;184(7):1819-26. Review.   ', 11889086;
637, 2, 2, 'motif II', 813, 820, 'L-Y-V-D-E-x-Y', 'helicase', 'super family 1', '', '', 11889086;
637, 2, 3, 'motif III', 839, 847, 'x-V-L-x-G-D-P-x-Q', 'helicase', 'super family 1', '', '', 11889086;
637, 2, 4, 'motif V', 942, 951, 'T-x(4)-Q-G-L-T-R', 'helicase', 'super family 1', '', '', 11889086;
637, 2, 5, 'motif VI', 976, 980, 'V-L-L-T-R', 'helicase', 'super family 1', 'non canonical', '', NULL;
623, 2, 5, 'motif VI', 1553, 1559, '[FHILVWY]-x(0,2)-L-A-[ILV]-T-R', 'helicase', 'super family 1', 'F265', '', 11889086;
623, 2, 1, 'motif I', 1351, 1361, '[FHILVMWY]-A-x-G-x-G-K-[ST]-x(0,2)-[FHILVWY]', 'helicase', 'super family 1', 'non canonical F265', '', NULL;
623, 2, 2, 'motif II', 1413, 1419, '[FHILVWY]-[FHILVWY]-[FHILVWY]-D-E-x(0,2)-[FHILVWY]', 'helicase', 'super family 1', 'F265', 'Modularity and specialization in superfamily 1 and 2 helicases.J Bacteriol. 2002 Apr;184(7):1819-26. Review.     ', 11889086;
623, 2, 3, 'motif III', 1437, 1445, '[FHILVWY]-[FHILVWY]-C-[FHILVWY]-G-D-x(2)-Q', 'helicase', 'super family 1', 'non canonical F265', '', NULL;
623, 2, 4, 'motif V', 1530, 1539, 'T-[FHILVWY]-x(3)-Q-G-x-S-[FHILVWY]', 'helicase', 'super family 1', 'non canonical F265', '', NULL;
623, 2, 6, 'motif A', 1873, 1880, 'E-x-D-x(3)-F-D', 'polymerase', 'Togaviridae', 'F266', '', NULL;
623, 2, 7, 'motif B', 1932, 1938, 'S-G-x(3)-T-L', 'polymerase', 'Togaviridae', 'F266', '', NULL;
623, 2, 8, 'motif C', 1965, 1970, 'G-D-D-[NM]-[IVL]-[IVL]', 'polymerase', 'Togaviridae', 'F266', '', NULL;
623, 2, 9, 'Motif E', 1983, 1988, 'W-x(3)-E-V', 'polymerase', 'Togaviridae', 'F266', '', NULL;
352, 4, 6, 'motif A', 2272, 2279, 'E-x-D-x(3)-F-D', 'polymerase', 'Togaviridae', 'F262', '', NULL;
631, 4, 6, 'motif A', 2271, 2278, 'E-x-D-x(3)-F-D', 'polymerase', 'Togaviridae', 'F262', '', NULL;
648, 4, 6, 'motif A', 2232, 2239, 'E-x-D-x(3)-F-D', 'polymerase', 'Togaviridae', 'F262', '', NULL;
349, 4, 6, 'motif A', 2254, 2261, 'E-x-D-x(3)-F-D', 'polymerase', 'Togaviridae', 'F262', '', NULL;
644, 4, 6, 'motif A', 2228, 2235, 'E-x-D-x(3)-F-D', 'polymerase', 'Togaviridae', 'F262', '', NULL;
640, 1, 1, 'motif A', 369, 376, 'E-x-D-x(3)-F-D', 'polymerase', 'Togaviridae', 'F262', '', NULL;
625, 4, 6, 'motif A', 2271, 2278, 'E-x-D-x(3)-F-D', 'polymerase', 'Togaviridae', 'F262', '', NULL;
642, 4, 6, 'motif A', 2256, 2263, 'E-x-D-x(3)-F-D', 'polymerase', 'Togaviridae', 'F262', '', NULL;
352, 4, 7, 'motif B', 2333, 2339, 'S-G-x(3)-T-L', 'polymerase', 'Togaviridae', 'F262', '', NULL;
631, 4, 7, 'motif B', 2332, 2338, 'S-G-x(3)-T-L', 'polymerase', 'Togaviridae', 'F262', '', NULL;
648, 4, 7, 'motif B', 2293, 2299, 'S-G-x(3)-T-L', 'polymerase', 'Togaviridae', 'F262', '', NULL;
349, 4, 7, 'motif B', 2315, 2321, 'S-G-x(3)-T-L', 'polymerase', 'Togaviridae', 'F262', '', NULL;
644, 4, 7, 'motif B', 2289, 2295, 'S-G-x(3)-T-L', 'polymerase', 'Togaviridae', 'F262', '', NULL;
640, 1, 2, 'motif B', 430, 436, 'S-G-x(3)-T-L', 'polymerase', 'Togaviridae', 'F262', '', NULL;
625, 4, 7, 'motif B', 2332, 2338, 'S-G-x(3)-T-L', 'polymerase', 'Togaviridae', 'F262', '', NULL;
642, 4, 7, 'motif B', 2317, 2323, 'S-G-x(3)-T-L', 'polymerase', 'Togaviridae', 'F262', '', NULL;
642, 4, 8, 'motif C', 2352, 2357, 'G-D-D-[NM]-[IVL]-[IVL]', 'polymerase', 'Togaviridae', 'F262', '', NULL;
625, 4, 8, 'motif C', 2367, 2372, 'G-D-D-[NM]-[IVL]-[IVL]', 'polymerase', 'Togaviridae', 'F262', '', NULL;
640, 1, 3, 'motif C', 465, 470, 'G-D-D-[NM]-[IVL]-[IVL]', 'polymerase', 'Togaviridae', 'F262', '', NULL;
644, 4, 8, 'motif C', 2324, 2329, 'G-D-D-[NM]-[IVL]-[IVL]', 'polymerase', 'Togaviridae', 'F262', '', NULL;
349, 4, 8, 'motif C', 2350, 2355, 'G-D-D-[NM]-[IVL]-[IVL]', 'polymerase', 'Togaviridae', 'F262', '', NULL;
648, 4, 8, 'motif C', 2328, 2333, 'G-D-D-[NM]-[IVL]-[IVL]', 'polymerase', 'Togaviridae', 'F262', '', NULL;
631, 4, 8, 'motif C', 2367, 2372, 'G-D-D-[NM]-[IVL]-[IVL]', 'polymerase', 'Togaviridae', 'F262', '', NULL;
352, 4, 8, 'motif C', 2368, 2373, 'G-D-D-[NM]-[IVL]-[IVL]', 'polymerase', 'Togaviridae', 'F262', '', NULL;
642, 4, 9, 'motif E', 2373, 2378, 'W-x(3)-E-V', 'polymerase', 'Togaviridae', 'F262', '', NULL;
625, 4, 9, 'motif E', 2388, 2393, 'W-x(3)-E-V', 'polymerase', 'Togaviridae', 'F262', '', NULL;
640, 1, 4, 'motif E', 486, 491, 'W-x(3)-E-V', 'polymerase', 'Togaviridae', 'F262', '', NULL;
644, 4, 9, 'motif E', 2345, 2350, 'W-x(3)-E-V', 'polymerase', 'Togaviridae', 'F262', '', NULL;
349, 4, 9, 'motif E', 2371, 2376, 'W-x(3)-E-V', 'polymerase', 'Togaviridae', 'F262', '', NULL;
648, 4, 9, 'motif E', 2349, 2354, 'W-x(3)-E-V', 'polymerase', 'Togaviridae', 'F262', '', NULL;
631, 4, 9, 'motif E', 2388, 2393, 'W-x(3)-E-V', 'polymerase', 'Togaviridae', 'F262', '', NULL;
352, 4, 9, 'motif E', 2389, 2394, 'W-x(3)-E-V', 'polymerase', 'Togaviridae', 'F262', '', NULL;
637, 4, 6, 'motif A', 2354, 2361, 'E-x-D-x(3)-F-D', 'polymerase', 'Togaviridae', 'F262', '', NULL;
635, 4, 6, 'motif A', 2195, 2202, 'E-x-D-x(3)-F-D', 'polymerase', 'Togaviridae', 'F262', '', NULL;
633, 4, 6, 'motif A', 2186, 2193, 'E-x-D-x(3)-F-D', 'polymmerase', 'Togaviridae', 'F262', '', NULL;
646, 4, 6, 'motif A', 2362, 2369, 'E-x-D-x(3)-F-D', 'polymerase', 'Togaviridae', 'F262', '', NULL;
621, 4, 6, 'motif A', 2238, 2245, 'E-x-D-x(3)-F-D', 'polymerase', 'togaviridae', 'F262', '', NULL;
629, 1, 1, 'motif A', 297, 304, 'E-x-D-x(3)-F-D', 'polymerase', 'Togaviridae', 'F262', '', NULL;
637, 4, 7, 'motif B', 2415, 2421, 'S-G-x(3)-T-L', 'polymerase', 'Togaviridae', 'F262', '', NULL;
635, 4, 7, 'motif B', 2256, 2262, 'S-G-x(3)-T-L', 'polymerase', 'Togavirdae', 'F262', '', NULL;
633, 4, 7, 'motif B', 2247, 2253, 'S-G-x(3)-T-L', 'polymerase', 'Togaviridae', 'F262', '', NULL;
646, 4, 7, 'motif B', 2423, 2429, 'S-G-x(3)-T-L', 'polymerase', 'Togaviridae', 'F262', '', NULL;
621, 4, 7, 'motif B', 2299, 2305, 'S-G-x(3)-T-L', 'polymerase', 'Togaviridae', 'F262', '', NULL;
629, 1, 2, 'motif B', 358, 364, 'S-G-x(3)-T-L', 'polymerase', 'Togaviridae', 'F262', '', NULL;
629, 1, 3, 'motif C', 393, 398, 'G-D-D-[NM]-[IVL]-[IVL]', 'polymerase', 'Togaviridae', 'F262', '', NULL;
621, 4, 8, 'motif C', 2334, 2339, 'G-D-D-[NM]-[IVL]-[IVL]', 'polymerase', 'Togaviridae', 'F262', '', NULL;
633, 4, 8, 'motif C', 2282, 2287, 'G-D-D-[NM]-[IVL]-[IVL]', 'polymerase', 'Togaviridae', 'F262', '', NULL;
646, 4, 8, 'motif C', 2458, 2463, 'G-D-D-[NM]-[IVL]-[IVL]', 'polymerase', 'Togaviridae', 'F262', '', NULL;
635, 4, 8, 'motif C', 2291, 2296, 'G-D-D-[NM]-[IVL]-[IVL]', 'polymerase', 'Togaviridae', 'F262', '', NULL;
637, 4, 8, 'motif C', 2450, 2455, 'G-D-D-[NM]-[IVL]-[IVL]', 'polymerase', 'Togaviridae', 'F262', '', NULL;
637, 4, 9, 'motif E', 2471, 2476, 'W-x(3)-E-V', 'polymerase', 'Togaviridae', 'F262', '', NULL;
635, 4, 9, 'motif E', 2312, 2317, 'W-x(3)-E-V', 'polymerase', 'Togaviridae', 'F262', '', NULL;
633, 4, 9, 'motif E', 2303, 2308, 'W-x(3)-E-V', 'polymerase', 'Togaviridae', 'F262', '', NULL;
646, 4, 9, 'motif E', 2479, 2484, 'W-x(3)-E-V', 'polymerase', 'Togaviridae', 'F262', '', NULL;
621, 4, 9, 'motif E', 2355, 2360, 'W-x(3)-E-V', 'polymerase', 'Togaviridae', 'F262', '', NULL;
629, 1, 4, 'motif E', 414, 419, 'W-x(3)-E-V', 'polymerase', 'Togaviridae', 'F262', '', NULL;
427, 0, 1, 'ski cleavage site', 256, 259, 'R-R-L-L', 'cleavage site', 'Arenaviridae', '', 'Proc Natl Acad Sci U S A. 2001 Oct 23;98(22):12701-5. Epub 2001 Oct 16.', 11606739;
416, 0, 1, 'motif furin-1', 102, 105, 'R-Q-S-R', 'cleavage furin', '', '', '', NULL;
416, 0, 2, 'motif furin-2', 662, 665, 'Y-Q-L-L', 'cleavage furin', '', '', '', NULL;
416, 0, 3, 'motif-1 SKI', 371, 374, 'R-K-L-L', 'cleavage SKI', '', '', '', NULL;
416, 0, 4, 'motif-2 SKI', 893, 896, 'R-K-L-L', 'cleavage SKI', '', '', '', NULL;
610, 0, 1, 'motif A', 303, 306, 'T-G-D-N', 'polymerase', 'orthomyxoviridae', '', 'Identification of four conserved motifs among the RNA-dependent polymerase encoding elements.EMBO J. 1989 Dec 1;8(12):3867-74. ', 2555175;
610, 0, 2, 'motif B', 405, 409, 'P-G-M-M-M', 'polymerase', 'orthomyxoviridae', '', '', 2555175;
610, 0, 3, 'motif C', 443, 447, 'S-S-D-D-F', 'polymerase', 'orthomyxoviridae', '', '', 2555175;
328, 0, 1, 'motif A', 303, 306, 'T-G-D-N', 'polymerase', 'orthomyxoviridae', '', 'Identification of four conserved motifs among the RNA-dependent polymerase encoding elements.EMBO J. 1989 Dec 1;8(12):3867-74 .', 2555175;
328, 0, 2, 'motif B', 405, 409, 'P-G-M-M-M', 'polymerase', 'orthomyxoviridae', '', '', 2555175;
328, 0, 3, 'motif C', 443, 447, 'S-S-D-D-F', 'polymerase', 'orthomyxoviridae', '', '', 2555175;
431, 0, 1, 'motif A', 303, 306, 'T-G-D-N', 'polymerase', 'orthomyxoviridae', '', 'Identification of four conserved motifs among the RNA-dependent polymerase encoding elements.EMBO J. 1989 Dec 1;8(12):3867-74. ', 2555175;
431, 0, 2, 'motif B', 405, 409, 'P-G-M-M-M', 'polymerase', 'orthomyxoviridae', '', '', 2555175;
431, 0, 3, 'motif C', 443, 447, 'S-S-D-D-F', 'polymerase', 'orthomyxoviridae', '', '', 2555175;
584, 0, 1, 'motif A', 303, 306, 'T-G-D-N', 'polymerase', 'orthomyxoviridae', '', '', 2555175;
584, 0, 2, 'motif B', 406, 410, 'P-G-M-M-M', 'polymerase', 'orthomyxoviridae', '', '', 2555175;
584, 0, 3, 'motif C', 443, 447, 'S-S-D-D-F', 'polymerase', 'orthomyxoviridae', '', '', 2555175;
592, 0, 1, 'motif A', 303, 306, 'T-G-D-N', 'polymerase', 'orthomyxoviridae ', '', 'Identification of four conserved motifs among the RNA-dependent polymerase encoding elements.EMBO J. 1989 Dec 1;8(12):3867-74. ', 2555175;
592, 0, 2, 'motif B', 406, 410, 'P-G-M-M-M', 'polymerase', 'orthomyxoviridae', '', '', 2555175;
592, 0, 3, 'motif C', 442, 446, 'S-S-D-D-F', 'polymerase', 'orthomyxoviridae', '', '', 2555175;
317, 0, 1, 'motif A', 303, 306, 'T-G-D-N', 'polymerase', 'orthomyxoviridae', '', 'Identification of four conserved motifs among the RNA-dependent polymerase encoding elements.EMBO J. 1989 Dec 1;8(12):3867-74. ', 2555175;
317, 0, 2, 'motif B', 406, 410, 'P-G-M-M-M', 'polymerase', 'orthomyxoviridae', '', '', 2555175;
317, 0, 3, 'motif C', 442, 446, 'S-S-D-D-F', 'polymerase', 'orthomyxoviridae', '', '', 2555175;
375, 11, 1, 'motif G', 4864, 4869, 'D-K-S-A-G-Y', 'polymerase', 'coronavirus/arterivirus', '', '', NULL;
494, 11, 11, 'motif G', 4864, 4869, 'D-K-S-A-G-Y', 'polymerase', 'coronavirus/arterivirus', '', '', NULL;
451, 9, 11, 'motif G', 4495, 4500, 'D-K-S-A-G-Y', 'polymerase', 'coronavirus/arterivirus', '', '', NULL;
483, 10, 11, 'motif G', 4951, 4956, 'D-K-S-A-G-Y', 'polymerase', 'coronavirus/arterivirus', '', '', NULL;
473, 9, 11, 'motif G', 4436, 4441, 'D-K-S-A-G-Y', 'polymerase', 'coronavirus/arterivirus', '', '', NULL;
440, 11, 11, 'motif G', 4868, 4873, 'D-K-S-A-G-F', 'polymerase', 'coronavirus/arterivirus', '', '', NULL;
459, 9, 11, 'motif G', 4594, 4599, 'N-K-S-A-G-Y', 'polymerase', 'coronavirus/arterivirus', '', '', NULL;
465, 11, 11, 'motif G', 4562, 4567, 'N-K-S-A-G-W', 'polymerase', 'coronavirus/arterivirus', '', '', NULL;
541, 9, 1, 'motif G', 2014, 2020, 'K-N-S-x-A-G-I', 'polymerase', 'coronavirus/arterivirus', '', '', NULL;
533, 8, 11, 'motif G', 2787, 2793, 'K-N-S-x-A-G-I', 'polymerase', 'coronavirus/arterivirus', '', '', NULL;
550, 9, 1, 'motif G', 2509, 2515, 'K-N-S-x-A-G-I', 'polymerase', 'coronavirus/arterivirus', '', '', NULL;
558, 8, 1, 'motif G', 2389, 2395, 'N-D-S-x-A-G-I', 'polymerase', 'coronavirus/arterivirus', '', '', NULL;
375, 11, 2, "motif C\'", 4960, 4964, 'Y-G-G-W-D', 'polymerase', 'coronavirus/arterivirus', 'ONLY IN CORONAVIRUS', '', NULL;
494, 11, 12, "motif C\'", 4960, 4964, 'Y-G-G-W-D', 'polymerase', 'coronavirus/arterivirus', 'ONLY IN CORONAVIRUS', '', NULL;
451, 9, 12, "motif C\'", 4591, 4595, 'Y-G-G-W-D', 'polymerase', 'coronavirus/arterivirus', 'ONLY IN CORONAVIRUS', '', NULL;
459, 9, 12, "motif C\'", 4690, 4694, 'Y-G-G-W-D', 'polymerase', 'coronavirus/arterivirus', 'ONLY in CORONAVIRUS', '', NULL;
465, 11, 12, "motif C\'", 4658, 4662, 'Y-G-G-W-D', 'polymerase', 'coronavirus/arterivirus', 'ONLY IN CORONAVIRUS', '', NULL;
473, 9, 12, "motif C\'", 4531, 4535, 'Y-G-G-W-D', 'polymerase', 'coronavirus/arterivirus', 'ONLY in CORONAVIRUS', '', NULL;
483, 10, 12, "motif C\'", 5047, 5051, 'Y-G-G-W-D', 'polymerase', 'coronavirus/arterivirus', 'ONLY IN CORONAVIRUS', '', NULL;
440, 11, 12, "motif C\'", 4964, 4968, 'Y-G-G-W-H', 'polymerase', 'coronavirus/arterivirus', 'ONLY IN CORONAVIRUS', '', NULL;
558, 8, 2, 'motif F', 2438, 2446, 'K-x-x-x-R-T-I-x-G', 'polymerase', 'coronavirus/arterivirus', '', '', NULL;
550, 9, 2, 'motif F', 2558, 2566, 'K-x-x-x-R-T-I-x-G', 'polymerase', 'coronavirus/arterivirus', '', '', NULL;
375, 11, 3, 'motif F', 4916, 4924, 'K-x-x-x-R-T-V-x-G', 'polymerase', 'coronavirus/arterivirus', '', '', NULL;
440, 11, 13, 'motif F', 4920, 4928, 'K-x-x-x-R-T-V-x-G', 'polymerase', 'coronavirus/arterivirus', '', '', NULL;
494, 11, 13, 'motif F', 4916, 4924, 'K-x-x-x-R-T-V-x-G', 'polymerase', 'coronavirus/arterivirus', '', '', NULL;
483, 10, 13, 'motif F', 5003, 5011, 'K-x-x-x-R-T-V-x-G', 'polymerase', 'coronavirus/arterivirus', '', '', NULL;
473, 9, 13, 'motif F', 4487, 4495, 'K-x-x-x-R-T-V-x-G', 'polymerase', 'coronavirus/arterivirus', '', '', NULL;
533, 8, 12, 'motif F', 2836, 2844, 'K-x-x-x-R-T-I-x-G', 'polymerase', 'coronavirus/arterivirus', '', '', NULL;
451, 9, 13, 'motif F', 4547, 4555, 'K-x-x-x-R-T-V-x-G', 'polymerase', 'coronavirus/arterivirus', '', '', NULL;
459, 9, 13, 'motif F', 4646, 4654, 'K-x-x-x-R-T-V-x-G', 'polymerase', 'coronavirus/arterivirus', '', '', NULL;
465, 11, 13, 'motif F', 4614, 4622, 'K-x-x-x-R-T-V-x-G', 'polymerase', 'coronavirus/arterivirus', '', '', NULL;
541, 9, 2, 'motif F', 2063, 2071, 'K-x-x-x-R-S-I-x-G', 'polymerase', 'coronavirus/arterivirus', '', '', NULL;
375, 11, 4, 'motif A', 4983, 4989, 'D-x-x-x-C-D-R', 'polymerase', 'coronavirus/arterivirus', '', '', NULL;
440, 11, 14, 'motif A', 4987, 4993, 'D-x-x-x-C-D-R', 'polymerase', 'coronavirus/arterivirus', '', '', NULL;
451, 9, 14, 'motif A', 4614, 4620, 'D-x-x-x-C-D-R', 'polymerase', 'coronavirus/arterivirus', '', '', NULL;
494, 11, 14, 'motif A', 4983, 4989, 'D-x-x-x-C-D-R', 'polymerase', 'coronavirus/arterivirus', '', '', NULL;
459, 9, 14, 'motif A', 4713, 4719, 'D-x-x-x-C-D-R', 'polymerase', 'coronavirus/arterivirus', '', '', NULL;
465, 11, 14, 'motif A', 4681, 4687, 'D-x-x-x-C-D-R', 'polymerase', 'coronavirus/arterivirus', '', '', NULL;
473, 9, 14, 'motif A', 4554, 4560, 'D-x-x-x-C-D-R', 'polymerase', 'coronavirus/arterivirus', '', '', NULL;
483, 10, 14, 'motif A', 5070, 5076, 'D-x-x-x-C-D-R', 'polymerase', 'coronavirus/arterivirus', '', '', NULL;
558, 8, 3, 'motif A', 2497, 2503, 'D-x-x-x-C-D-R', 'polymerase', 'coronavirus/arterivirus', '', '', NULL;
550, 9, 3, 'motif A', 2617, 2623, 'D-x-x-x-C-D-R', 'polymerase', 'coronavirus/arterivirus', '', '', NULL;
541, 9, 3, 'motif A', 2122, 2128, 'D-x-x-x-C-D-R', 'polymerase', 'coronavirus/arterivirus', '', '', NULL;
375, 11, 5, 'motif E', 5175, 5180, 'H-E-F-C-S-Q', 'polymerase', 'coronavirus/arterivirus', 'ONLY IN CORONAVIRUS', '', NULL;
440, 11, 15, 'motif E', 5179, 5184, 'H-E-F-C-S-Q', 'polymerase', 'coronavirus/arterivirus', 'ONLY IN CORONAVIRUS', '', NULL;
451, 9, 15, 'motif E', 4806, 4811, 'H-E-F-C-S-Q', 'polymerase', 'coronavirus/arterivirus', 'ONLY IN CORONAVIRUS', '', NULL;
459, 9, 15, 'motif E', 4905, 4910, 'H-E-F-C-S-Q', 'polymerase', 'coronavirus/arterivirus', 'ONLY IN CORONAVIRUS', '', NULL;
465, 11, 15, 'motif E', 4873, 4878, 'H-E-F-C-S-Q', 'polymerase', 'coronavirus/arterivirus', 'ONLY IN CORONAVIRUS', '', NULL;
473, 9, 15, 'motif E', 4746, 4751, 'H-E-F-C-S-Q', 'polymease', 'coronavirus/arterivirus', 'ONLY IN CORONAVIRUS', '', NULL;
483, 10, 15, 'motif E', 5262, 5267, 'H-E-F-C-S-Q', 'polymerase', 'coronavirus/arterivirus', 'ONLY IN CORONAVIRUS', '', NULL;
494, 11, 15, 'motif E', 5175, 5180, 'H-E-F-C-S-Q', 'polymerase', 'coronavirus/arterivirus', 'ONLY IN CORONAVIRUS', '', NULL;
375, 11, 6, 'motif B', 5043, 5053, 'G-G-x-x-S-G-D-x-T-T-A', 'polymerase', 'coronavirus/arterivirus', '', '', NULL;
440, 11, 16, 'motif B', 5047, 5057, 'G-G-x-x-S-G-D-x-T-T-A', 'polymerase', 'coronavirus/arterivirus', '', '', NULL;
494, 11, 16, 'motif B', 5043, 5053, 'G-G-x-x-S-G-D-x-T-T-A', 'polymerase', 'coronavirus/arterivirus', '', '', NULL;
483, 10, 16, 'motif B', 5130, 5140, 'G-G-x-x-S-G-D-x-T-T-A', 'polymerase', 'coronavirus/arterivirus', '', '', NULL;
473, 9, 16, 'motif B', 4614, 4624, 'G-G-x-x-S-G-D-x-T-T-A', 'polymerase', 'coronavirus/arterivirus', '', '', NULL;
465, 11, 16, 'motif B', 4741, 4751, 'G-G-x-x-S-G-D-x-T-T-A', 'polymerase', 'coronavirus/arterivirus', '', '', NULL;
459, 9, 16, 'motif B', 4773, 4783, 'G-G-x-x-S-G-D-x-T-T-A', 'polymerase', 'coronavirus/arterivirus', '', '', NULL;
451, 9, 16, 'motif B', 4674, 4684, 'G-G-x-x-S-G-D-x-T-T-A', 'polymerase', 'coronavirus/arterivirus', '', '', NULL;
558, 8, 4, 'motif B', 2550, 2560, 'G-G-x-x-S-G-D-x-V-T-S', 'polymerase', 'coronavirus/arterivirus', '', '', NULL;
550, 9, 4, 'motif B', 2670, 2680, 'G-G-x-x-S-G-D-x-V-T-S', 'polymerase', 'coronavirus/arterivirus', '', '', NULL;
541, 9, 4, 'motif B', 2175, 2185, 'G-G-x-x-S-G-D-x-I-T-S', 'polymerase', 'coronavirus/arterivirus', '', '', NULL;
541, 9, 5, 'motif C', 2236, 2238, 'S-D-D', 'polymerase', 'coronavirus/arterivirus', '', '', NULL;
550, 9, 5, 'motif C', 2730, 2732, 'S-D-D', 'polymerase', 'coronavirus/arterivirus', '', '', NULL;
558, 8, 5, 'motif C', 2169, 2171, 'S-D-D', 'polymerase', 'coronavirus/arterivirus', '', '', NULL;
459, 9, 17, 'motif C', 4854, 4856, 'S-D-D', 'polymerase', 'coronavirus/arterivirus', '', '', NULL;
465, 11, 17, 'motif C', 4822, 4824, 'S-D-D', 'polymerase', 'coronavirus/arterivirus', '', '', NULL;
375, 11, 7, 'motif C', 5124, 5126, 'S-D-D', 'polymerase', 'coronavirus/arterivirus', '', '', NULL;
440, 11, 17, 'motif C', 5128, 5130, 'S-D-D', 'polymerase', 'coronavirus/arterivirus', '', '', NULL;
451, 9, 17, 'motif C', 4755, 4757, 'S-D-D', 'polymerase', 'coronavirus/arterivirus', '', '', NULL;
473, 9, 17, 'motif C', 4695, 4697, 'S-D-D', 'polymerase', 'coronavirus/arterivirus', '', '', NULL;
483, 10, 17, 'motif C', 5211, 5213, 'S-D-D', 'polymerase', 'coronavirus/arterivirus', '', '', NULL;
494, 11, 17, 'motif C', 5124, 5126, 'S-D-D', 'polymerase', 'coronavirus/arterivirus', '', '', NULL;
541, 10, 6, 'motif I', 2526, 2538, 'V-x-G-x-P-G-x-G-K-T-x-x-L', 'helicase', 'super family 1', '', '', NULL;
550, 10, 6, 'motif I', 3011, 3023, 'I-x-G-x-P-G-x-G-K-T-x-x-L', 'helicase', 'super family 1', '', '', NULL;
558, 9, 6, 'motif I', 2895, 2907, 'V-x-G-x-P-G-x-G-K-T-x-x-I', 'helicase', 'super family 1', '', '', NULL;
375, 12, 8, 'motif I', 5576, 5587, 'V-x-G-x-P-G-x-G-K-S-x-L', 'helicase', 'super family 1', '', '', NULL;
558, 9, 7, 'motif II', 2971, 2978, 'H-Y-L-D-E-x-x-Y', 'helicase', 'super family 1', '', '', NULL;
375, 12, 9, 'motif II', 5667, 5672, 'V-V-V-D-E-V', 'helicase', 'super family 1', '', '', NULL;
541, 10, 7, 'motif II', 2607, 2614, 'T-F-V-D-E-x-x-Y', 'helicase', 'super family 1', 'WARNING aa1 T instead of [FHILVWY]', '', NULL;
550, 10, 7, 'motif II', 3086, 3093, 'S-Y-L-D-E-x-x-Y', 'helicase', 'super family 1', 'WARNING aa1 S instead of [FHILVWY]', '', NULL;
375, 12, 10, 'motif III', 5692, 5700, 'Y-V-Y-I-G-D-x-x-Q', 'helicase', 'super family 1', '', '', NULL;
541, 10, 8, 'motif III', 2629, 2637, 'V-K-G-Y-G-D-x-x-Q', 'helicase', 'super family 1', 'WARNING aa2-3 instead of  [FHILVWY]-[FHILVWY]', '', NULL;
550, 10, 8, 'motif III', 3108, 3116, 'L-V-C-V-G-D-x-x-Q', 'helicase', 'super family 1', 'WARNING aa3 C instead of [FHILVWY]', '', NULL;
558, 9, 8, 'motif III', 2993, 3001, 'I-T-A-I-G-D-x-x-Q', 'helicase', 'super family 1', 'WARNING aa2-3 T-A instead of [FHILVWY]-[FHILVWY]', '', NULL;
558, 9, 9, 'motif V', 3080, 3095, 'T-I-x-x-x-Q-G-x-T-Y-x-x-V-x-L-Y', 'helicase', 'super family 1', '', '', NULL;
541, 10, 9, 'motif V', 2718, 2733, 'T-I-x-x-x-Q-G-x-T-F-x-x--V-x-L-R', 'helicase', 'super family 1', 'WARNING aa16 R instead of [FHILVWY]', '', NULL;
550, 10, 9, 'motif V', 3194, 3209, 'T-I-x-x-x-Q-G-x-T-Y-x-V-x-x-V-Y', 'helicase', 'super family 1', 'WARNING aa11-end  x-V-x(2)-[FHILVWY]-[FHILVWY] instead of x(2)-V-x-[FHILVWY]-[FHILVWY]', '', NULL;
375, 12, 11, 'motif V', 4260, 4275, 'L-D-x-x-x-Q-G-x-T-P-x-x-N-x-V-K', 'helicase', 'super family 1', 'WARNING kernel Q-G-x-T of motif is conserved.', '', NULL;
375, 12, 12, 'motif VI', 5857, 5863, 'F-x-V-A-I-T-R', 'helicase', 'super family 1', '', '', NULL;
541, 10, 10, 'motif IV', 2746, 2751, 'V-V-A-V-T-R', 'helicase', 'super family 1', '', '', NULL;
550, 10, 10, 'motif VI', 3222, 3227, 'L-V-A-I-T-R', 'helicase', 'super family 1', '', '', NULL;
440, 13, 18, 'motif I', 5992, 5994, 'D-x-E', 'exonuclease', 'coronavirus', '', '', NULL;
440, 13, 19, 'motif II', 6131, 6136, 'H-x(4)-D', 'exonuclease', 'coronavirus', '', '', NULL;
440, 13, 20, 'motif III', 6170, 6175, 'H-x-A-X(2)-D', 'exonuclease', 'coronavirus', '', '', NULL;
473, 11, 18, 'motif I', 5557, 5559, 'D-x-E', 'exonuclease', 'coronavirus', '', '', NULL;
473, 11, 19, 'motif II', 5695, 5700, 'H-x(4)-D', 'exonuclease', 'coronavirus', '', '', NULL;
473, 11, 20, 'motif III', 5734, 5739, 'H-x-A-X(2)-D', 'exonuclease', 'coronavirus', '', '', NULL;
494, 13, 18, 'motif I', 5989, 5991, 'D-x-E', 'exonuclease', 'coronavirus', '', '', NULL;
494, 13, 19, 'motif II', 6128, 6133, 'H-x(4)-D', 'exonuclease', 'coronavirus', '', '', NULL;
494, 13, 20, 'motif III', 6167, 6172, 'H-x-A-x(2)-D', 'exonuclease', 'coronavirus', '', '', NULL;
375, 13, 13, 'motif I', 5989, 5991, 'D-x-E', 'exonuclease', 'coronavirus', '', '', NULL;
375, 13, 14, 'motif II', 6128, 6133, 'H-x(4)-D', 'exonuclease', 'coronavirus', '', '', NULL;
375, 13, 15, 'motif III', 6167, 6172, 'H-x-A-x(2)-D', 'exonuclease', 'coronavirus', '', '', NULL;
483, 12, 18, 'motif I', 6073, 6075, 'D-x-E', 'exonuclease', 'coronavirus', '', '', NULL;
483, 12, 19, 'motif II', 6212, 6217, 'H-x(4)-D', 'exonuclease', 'coronavirus', '', '', NULL;
483, 12, 20, 'motif III', 6251, 6256, 'H-x-A-x(2)-D', 'exonuclease', 'coronavirus', '', '', NULL;
465, 13, 18, 'motif I', 5682, 5684, 'D-x-E', 'exonuclease', 'coronavirus', '', '', NULL;
465, 13, 19, 'motif II', 5820, 5825, 'H-x(4)-D', 'exonuclease', 'coronavirus', '', '', NULL;
465, 13, 20, 'motif III', 5859, 5864, 'H-x-A-x(2)-D', 'exonuclease', 'coronavirus', '', '', NULL;
459, 11, 18, 'motif I', 3382, 3384, 'D-x-E', 'exonuclease', 'coronavirus', '', '', NULL;
459, 11, 19, 'motif II', 5852, 5857, 'H-x(4)-D', 'exonuclease', 'coronavirus', '', '', NULL;
459, 11, 20, 'motif III', 5891, 5896, 'H-x-A-x(2)-D', 'exonuclease', 'coronavirus', '', '', NULL;
451, 11, 18, 'motif I', 5617, 5619, 'D-x-E', 'exonuclease', 'coronavirus', '', '', NULL;
451, 11, 19, 'motif II', 5755, 5760, 'H-x(4)-D', 'exonuclease', 'coronavirus', '', '', NULL;
451, 11, 20, 'motif III', 5794, 5799, 'H-x-A-x(2)-D', 'exonuclease', 'coronavirus', '', '', NULL;
506, 9, 9, 'zinc-binding mo', 2011, 2052, 'C-x(17)-C-x-C-x(20)-C', 'zinc-binding', '', '', '', 15339921;
269, 9, 5, 'zinc-binding motif', 2011, 2052, 'C-x(17)-C-x-C-x(20)-C', 'zinc-binding', '', '', '', 15339921;
